"InvID","PlotID","Invdate","DFseed","PPseed","SPseed","WFseed","ICseed","BOseed","GSseed","CHseed","MDseed","TOseed","YWseed","ALseed"
2252,"0410-00001","1994-07-13 00:00:00",0,0,2,4,1,37,0,0,0,0,0,0
2253,"0410-00002","1994-07-15 00:00:00",6,7,4,1,2,0,0,0,0,0,0,0
2254,"0410-00003","1994-07-25 00:00:00",0,1,4,0,0,12,0,0,0,0,0,0
2255,"0410-00004","1994-07-19 00:00:00",0,0,1,3,0,8,0,0,0,0,0,0
2256,"0410-00005","1994-07-20 00:00:00",0,0,1,4,5,94,0,0,0,0,0,0
2257,"0410-00006","1994-07-25 00:00:00",4,8,2,1,0,0,0,0,0,0,0,0
2258,"0410-00007","1994-07-21 00:00:00",0,0,0,2,3,13,0,0,0,0,0,0
2259,"0410-00008","1994-07-22 00:00:00",0,0,0,4,0,11,0,0,0,0,0,0
2260,"0410-00009","1994-07-15 00:00:00",1,10,5,7,0,7,0,0,0,0,0,0
2261,"0410-00010","1994-07-15 00:00:00",3,1,3,4,0,3,0,0,0,2,0,0
2262,"0410-00011","1994-07-18 00:00:00",0,0,0,0,2,20,0,0,0,1,0,0
2263,"0440-00001","1994-07-11 00:00:00",5,58,51,9,2,4,0,0,1,0,0,0
2264,"0440-00002","1994-07-11 00:00:00",0,0,0,2,0,28,0,0,0,0,0,0
2265,"0440-00003","1994-07-08 00:00:00",0,0,0,3,1,57,0,0,0,0,0,0
2266,"0440-00005","1994-07-08 00:00:00",1,2,15,6,0,10,0,0,0,0,0,0
2267,"0440-00006","1994-07-07 00:00:00",1,0,1,3,2,31,0,0,0,1,0,0
2268,"0440-00009","1994-07-07 00:00:00",28,2,25,42,137,4,0,0,0,0,0,0
2269,"0440-00010","1994-07-06 00:00:00",1,0,3,0,0,82,0,0,0,0,0,0
2270,"0440-00011","1994-07-11 00:00:00",1,17,3,15,0,4,0,0,0,1,0,0
2271,"0440-00012","1994-07-01 00:00:00",1,5,12,36,14,82,0,0,0,0,0,0
2272,"0440-00013","1994-07-01 00:00:00",1,0,1,5,2,356,0,0,0,0,0,0
2273,"0440-00014","1994-07-05 00:00:00",11,1,12,25,27,83,0,0,0,1,0,0
2274,"0470-00002","1994-08-01 00:00:00",0,0,0,1,8,81,0,0,0,0,0,0
2275,"0470-00004","1994-08-01 00:00:00",7,0,1,8,1,10,0,0,0,3,0,0
2276,"0470-00006","1994-08-01 00:00:00",0,0,0,0,3,2,0,0,0,0,0,0
2277,"0470-00013","1994-08-03 00:00:00",0,0,0,1,2,23,0,0,0,8,0,0
2278,"0470-00021","1994-08-02 00:00:00",3,0,0,0,1,1,0,0,0,7,0,0
2279,"0470-00022","1994-08-02 00:00:00",1,0,0,9,0,2,0,0,0,3,0,0
2280,"0470-00023","1994-08-02 00:00:00",5,0,6,11,1,6,1,0,0,1,0,0
2302,"0520-00001","1994-06-30 00:00:00",0,0,0,2,0,0,0,0,0,0,0,0
2303,"0520-00002","1994-07-06 00:00:00",3,0,0,8,6,3,0,0,0,0,0,0
2304,"0520-00003","1994-07-06 00:00:00",0,0,0,1,0,1,0,0,0,2,0,0
2305,"0520-00004","1994-07-07 00:00:00",0,0,1,0,0,1,0,0,0,0,0,0
2306,"0520-00005","1994-06-30 00:00:00",1,0,0,11,13,0,0,0,0,0,0,0
2307,"0520-00006","1994-06-30 00:00:00",0,0,0,0,1,0,0,0,0,0,0,0
2308,"0520-00007","1994-07-05 00:00:00",0,0,0,1,0,0,0,0,0,0,9,0
2309,"0531-00001","1994-08-08 00:00:00",0,0,0,2,1,64,0,0,0,0,0,0
2310,"0530-00002","1994-08-09 00:00:00",0,0,0,0,2,6,0,0,0,0,0,0
2311,"0531-00003","1994-08-10 00:00:00",0,2,0,8,0,46,0,0,0,0,0,0
2312,"0530-00004","1994-08-11 00:00:00",0,0,0,2,0,84,0,0,0,0,0,0
2313,"0530-00005","1994-08-11 00:00:00",0,0,0,0,2,6,0,0,0,0,0,0
2314,"0532-00006","1994-08-12 00:00:00",0,1,0,3,4,139,0,0,0,0,0,0
2315,"0530-00007","1994-08-12 00:00:00",1,0,0,1,1,12,0,0,0,0,0,0
2316,"0530-00008","1994-08-15 00:00:00",0,0,0,0,0,10,0,0,0,0,0,0
2317,"0531-00009","1994-08-15 00:00:00",0,0,0,4,1,3,0,0,0,0,0,0
2318,"0531-00010","1994-08-16 00:00:00",0,1,1,0,0,14,0,0,0,0,0,0
2319,"0530-00011","1994-08-18 00:00:00",3,0,0,4,1,10,0,0,0,0,0,0
2320,"0530-00012","1994-08-17 00:00:00",0,0,0,0,0,0,0,0,0,0,0,0
2321,"0532-00013","1994-08-18 00:00:00",0,0,2,0,24,0,0,0,0,0,0,0
2322,"0532-00014","1994-08-22 00:00:00",0,0,0,0,0,0,0,8,0,2,0,0
2323,"0532-00015","1994-08-17 00:00:00",0,0,0,1,4,5,0,0,0,0,0,0
2324,"0531-00016","1994-08-08 00:00:00",0,0,0,3,43,7,0,0,0,2,0,0
2325,"0531-00017","1994-08-10 00:00:00",0,0,0,2,1,39,0,0,0,0,0,0
2326,"0530-00018","1994-08-12 00:00:00",1,0,0,12,3,17,0,0,0,0,0,0
2327,"0532-00019","1994-08-11 00:00:00",0,0,0,0,7,1,0,0,0,0,0,0
2328,"0532-00020","1994-08-11 00:00:00",0,0,0,0,0,6,0,0,0,0,0,0
2329,"0530-00021","1994-08-15 00:00:00",0,0,2,3,0,12,0,0,0,0,0,0
2330,"0531-00022","1994-08-16 00:00:00",0,0,0,4,0,37,0,0,0,0,0,0
2331,"0531-00023","1994-08-16 00:00:00",0,0,3,1,0,3,0,0,0,0,0,0
2332,"0540-00001","1994-07-07 00:00:00",6,1,1,11,8,0,0,0,0,0,0,0
2333,"0540-00002","1994-07-07 00:00:00",0,1,0,2,0,0,0,0,0,0,0,0
2334,"0540-00004","1994-07-08 00:00:00",1,2,0,9,0,3,0,7,0,7,0,0
2335,"0540-00006","1994-07-08 00:00:00",0,0,0,2,0,0,0,0,0,0,0,0
2336,"0550-00005","1994-06-07 00:00:00",0,1,0,1,1,4,0,2,0,0,0,0
2337,"0550-00006","1994-06-07 00:00:00",0,0,0,0,0,0,0,0,0,0,0,0
2338,"0550-00009","1994-06-06 00:00:00",0,0,0,0,1,0,0,0,0,0,0,0
2339,"0550-00010","1994-06-06 00:00:00",0,0,0,0,1,0,0,0,0,0,0,0
2340,"0552-00001","1994-07-01 00:00:00",0,0,0,5,2,1,0,0,0,0,0,0
2341,"0552-00008","1994-07-01 00:00:00",0,1,0,0,0,0,0,0,0,0,0,0
2342,"0560-00001","1994-07-11 00:00:00",0,0,0,2,1,0,0,0,0,17,0,0
2343,"0560-00002","1994-07-06 00:00:00",0,0,0,0,0,0,0,0,0,0,0,0
2344,"0560-00006","1994-07-11 00:00:00",0,0,0,1,0,2,0,0,0,10,0,0
2345,"0570-00007","1994-09-15 00:00:00",0,0,0,0,1,8,0,0,0,0,0,0
2346,"0570-00011","1994-09-13 00:00:00",1,0,0,0,0,31,0,0,0,0,0,0
2347,"0570-00013","1994-09-16 00:00:00",0,0,2,0,0,7,0,0,0,1,0,0
2348,"0570-00014","1994-09-16 00:00:00",2,8,0,1,0,11,0,0,0,0,0,0
2349,"0570-00017","1994-09-12 00:00:00",0,0,0,0,0,20,0,0,0,0,0,0
2350,"0570-00022","1994-09-15 00:00:00",1,1,2,0,0,2,0,0,0,0,0,0
2351,"0570-00023","1994-09-14 00:00:00",0,0,0,7,1,0,0,0,0,0,0,0
2352,"0570-00024","1994-09-13 00:00:00",0,0,0,1,1,12,0,0,0,0,0,0
2353,"0570-00025","1994-09-13 00:00:00",0,0,0,0,0,24,0,0,0,0,0,0
2354,"0580-00001","1994-06-13 00:00:00",6,0,0,0,2,36,0,0,0,0,0,0
2355,"0580-00002","1994-06-23 00:00:00",0,0,0,1,0,4,0,0,0,0,0,0
2356,"0580-00003","1994-06-23 00:00:00",0,0,0,0,2,0,0,0,0,0,0,0
2357,"0580-00004","1994-06-22 00:00:00",0,0,0,1,0,5,0,0,0,0,0,0
2358,"0580-00008","1994-06-20 00:00:00",0,0,0,6,2,35,0,0,0,0,0,0
2359,"0580-00009","1994-06-22 00:00:00",0,0,0,1,3,0,0,0,0,0,0,0
2360,"0590-00001","1994-07-25 00:00:00",0,0,0,3,3,0,0,0,0,0,0,0
2361,"0590-00003","1994-07-26 00:00:00",0,3,0,13,0,1,0,0,0,0,0,0
2362,"0590-00005","1994-07-22 00:00:00",0,0,0,1,0,0,0,0,0,0,0,0
2363,"0590-00007","1994-07-26 00:00:00",0,0,0,2,0,1,0,0,0,0,0,0
2364,"0590-00009","1994-07-27 00:00:00",0,0,1,5,2,6,0,0,0,0,0,0
2365,"0590-00013","1994-08-01 00:00:00",0,4,0,7,0,20,0,0,0,0,0,0
2366,"0590-00016","1994-07-28 00:00:00",0,0,0,2,2,0,0,0,0,0,0,0
2367,"0590-00021","1994-07-29 00:00:00",0,0,0,0,0,0,0,0,0,0,0,0
1995,"0590-00022","1993-07-28 00:00:00",0,1,1,6,1,0,0,0,0,0,0,0
2368,"0590-00023","1994-07-29 00:00:00",0,0,0,0,0,0,0,0,0,0,0,0
2369,"0600-00001","1994-10-21 00:00:00",0,0,0,0,0,2,0,0,0,0,0,0
2370,"0600-00002","1994-09-19 00:00:00",0,0,1,0,0,8,0,0,0,0,0,0
2371,"0600-00003","1994-10-27 00:00:00",0,0,0,0,0,1,0,0,0,0,0,0
2372,"0600-00004","1994-10-27 00:00:00",0,0,0,0,0,0,0,0,0,0,0,0
2373,"0600-00005","1994-11-02 00:00:00",0,0,0,0,0,27,0,0,0,0,0,0
2374,"0600-00006","1994-11-01 00:00:00",0,0,0,0,0,0,0,0,0,0,0,0
2375,"0600-00007","1994-11-02 00:00:00",0,0,0,0,0,3,0,0,0,0,0,0
2376,"0600-00008","1994-11-09 00:00:00",0,0,0,3,0,1,0,0,0,0,0,0
2377,"0652-00002","1994-07-07 00:00:00",0,0,0,0,3,0,0,0,0,0,0,0
2378,"0653-00003","1994-07-08 00:00:00",2,1,0,11,2,0,0,0,0,0,0,0
2379,"0651-00004","1994-07-12 00:00:00",0,0,0,1,1,0,0,0,0,0,0,0
2380,"0651-00005","1994-07-08 00:00:00",0,0,0,0,0,0,0,0,0,0,0,0
2381,"0653-00006","1994-07-07 00:00:00",0,0,0,0,0,0,0,0,0,0,0,0
2382,"0652-00007","1994-07-07 00:00:00",0,0,0,1,0,1,0,0,0,0,0,0
2383,"0652-00008","1994-07-07 00:00:00",0,0,0,0,0,1,0,0,0,0,0,0
2384,"0650-00009","1994-07-08 00:00:00",0,0,0,0,0,0,0,0,0,0,0,0
2385,"0650-00010","1994-07-15 00:00:00",0,0,0,0,0,0,0,0,0,0,0,0
2386,"0650-00011","1994-07-18 00:00:00",0,0,0,0,0,0,0,0,0,0,0,0
2387,"0650-00012","1994-07-13 00:00:00",1,0,0,0,2,0,0,0,0,0,0,0
2388,"0650-00013","1994-07-14 00:00:00",0,1,0,0,0,0,0,0,0,0,0,0
2389,"0650-00014","1994-07-08 00:00:00",0,0,0,0,0,0,0,0,0,0,0,0
2390,"0650-00015","1994-07-13 00:00:00",0,0,0,0,1,0,0,0,0,0,0,0
2391,"0670-00012","1994-07-15 00:00:00",0,14,0,0,0,0,0,0,0,0,0,0
2392,"0670-00014","1994-07-14 00:00:00",2,3,0,3,73,0,0,0,0,0,0,0
2393,"0670-00016","1994-07-14 00:00:00",3,0,0,11,0,3,0,0,0,0,0,0
2394,"0670-00020","1994-07-15 00:00:00",0,29,0,3,62,0,0,0,0,0,0,0
2395,"0670-00021","1994-07-15 00:00:00",0,0,0,0,0,0,0,0,0,0,0,0
2410,"0210-00001","1995-08-11 00:00:00",0,0,0,1,5,13,0,0,0,3,0,0
2411,"0210-00002","1995-08-07 00:00:00",0,0,0,0,0,0,0,0,0,26,0,0
2412,"0210-00003","1995-08-08 00:00:00",0,0,0,5,0,4,0,0,0,4,0,0
2413,"0210-00004","1995-08-08 00:00:00",0,0,0,0,1,1,0,0,0,0,0,0
2414,"0210-00005","1995-08-10 00:00:00",6,0,6,0,37,20,0,0,0,1,0,0
2415,"0210-00006","1995-08-09 00:00:00",2,0,0,5,3,0,0,0,0,6,0,0
2416,"0210-00007","1995-08-09 00:00:00",0,0,0,0,1,129,0,0,0,6,0,0
2417,"0250-00003","1995-11-16 00:00:00",0,0,3,2,0,0,0,0,0,0,0,0
2418,"0250-00004","1995-10-31 00:00:00",0,0,0,0,0,0,0,0,0,0,0,0
2419,"0250-00005","1995-08-30 00:00:00",0,0,0,1,7,0,0,0,1,1,0,0
2420,"0250-00006","1995-11-16 00:00:00",0,0,0,0,0,2,0,0,0,3,0,0
2421,"0250-00007","1995-11-14 00:00:00",0,0,0,0,0,0,0,0,0,0,0,0
2423,"0250-00010","1995-11-28 00:00:00",0,0,0,0,0,0,0,0,0,3,0,0
2424,"0250-00011","1995-11-14 00:00:00",0,0,0,0,0,0,0,0,0,2,0,0
2425,"0250-00014","1995-11-16 00:00:00",0,1,0,4,1,0,0,0,0,0,0,0
2426,"0250-00015","1995-11-16 00:00:00",0,0,1,0,0,0,0,0,0,9,0,0
2422,"0250-00009","1995-11-30 00:00:00",0,0,0,0,0,0,0,0,0,1,0,0
2427,"0292-00006","1995-07-25 00:00:00",8,1,7,18,51,1,0,0,0,6,0,0
2428,"0292-00007","1995-07-24 00:00:00",0,0,2,27,13,0,0,0,0,8,0,0
2429,"0292-00008","1995-07-24 00:00:00",0,0,0,0,0,0,0,0,0,0,0,0
2430,"0310-00009","1995-08-01 00:00:00",4,0,0,0,1,0,0,9,0,0,0,0
2431,"0310-00013","1995-07-31 00:00:00",0,0,0,0,0,0,0,0,0,0,0,0
2432,"0310-00024","1995-08-01 00:00:00",0,0,0,0,29,0,0,0,0,0,0,0
2433,"0310-00025","1995-08-07 00:00:00",7,0,6,20,44,3,0,0,0,0,0,0
2434,"0320-00004","1995-07-17 00:00:00",7,0,0,11,30,16,0,0,0,5,0,0
2435,"0320-00005","1995-07-17 00:00:00",3,0,8,3,6,6,0,0,0,0,0,0
2436,"0340-00001","1995-08-07 00:00:00",1,0,1,0,0,11,0,0,0,0,0,0
2437,"0340-00006","1995-07-28 00:00:00",34,0,5,44,113,11,1,2,0,7,0,0
2438,"0340-00008","1995-08-01 00:00:00",17,1,0,9,4,18,0,0,0,8,0,0
2439,"0340-00013","1995-07-26 00:00:00",25,0,0,26,11,46,0,6,0,34,0,0
2440,"0340-00017","1995-07-20 00:00:00",0,0,0,0,0,24,0,0,0,8,0,0
2441,"0340-00021","1995-07-14 00:00:00",2,0,1,1,54,0,0,0,0,0,0,0
2442,"0340-00022","1995-07-18 00:00:00",2,0,1,0,8,52,0,0,0,0,0,0
2443,"0390-00023","1995-07-19 00:00:00",10,0,0,0,17,14,0,0,0,0,0,0
2444,"0340-00024","1995-07-24 00:00:00",6,0,0,1,9,211,0,0,0,0,0,0
2445,"0340-00025","1995-07-26 00:00:00",0,0,0,3,11,16,0,0,0,0,0,0
2446,"0340-00026","1995-07-28 00:00:00",3,0,1,11,1,0,0,0,0,0,0,0
2447,"0340-00027","1995-08-02 00:00:00",0,0,4,8,1,3,0,0,0,0,0,0
2448,"0340-00028","1995-07-21 00:00:00",0,0,0,1,0,7,0,0,0,3,0,0
2449,"0340-00029","1995-07-21 00:00:00",18,0,0,10,3,15,0,0,0,0,0,0
2450,"0340-00030","1995-08-07 00:00:00",4,1,7,18,8,2,0,0,0,0,0,0
2451,"0340-00031","1995-08-08 00:00:00",1,0,0,7,0,3,0,0,0,14,0,0
2453,"0481-00013","1995-05-09 00:00:00",0,0,0,2,0,0,0,0,0,0,0,0
2454,"0481-00018","1995-05-11 00:00:00",0,0,0,0,0,0,0,0,0,0,0,0
2455,"0481-00021","1995-05-03 00:00:00",0,0,0,7,0,0,0,0,0,1,0,0
2456,"0481-00022","1995-05-04 00:00:00",1,1,0,0,0,0,0,0,0,0,0,0
2457,"0481-00023","1995-05-04 00:00:00",0,0,3,5,2,0,0,0,0,0,0,0
2458,"0481-00024","1995-05-09 00:00:00",0,0,1,0,4,3,0,0,0,0,0,0
2459,"0481-00025","1995-05-10 00:00:00",0,0,1,2,3,0,0,0,0,0,0,0
2460,"0481-00026","1995-05-10 00:00:00",0,1,0,0,1,0,0,0,0,0,0,0
2461,"0481-00027","1995-05-10 00:00:00",0,0,0,0,0,0,0,0,0,0,0,0
2462,"0481-00028","1995-05-10 00:00:00",0,0,1,0,2,0,0,0,0,0,0,0
2463,"0481-00031","1995-05-03 00:00:00",1,0,0,3,1,0,0,0,0,0,0,0
2464,"0481-00032","1995-05-02 00:00:00",0,1,4,10,0,0,0,0,0,0,0,0
2465,"0481-00033","1995-05-02 00:00:00",0,0,0,4,0,0,0,0,1,0,0,0
2466,"0481-00034","1995-05-16 00:00:00",1,0,0,1,0,0,0,0,0,0,0,0
2467,"0481-00035","1995-05-12 00:00:00",0,0,0,0,0,0,0,0,0,0,0,0
2468,"0481-00036","1995-05-12 00:00:00",0,0,0,0,0,0,0,0,0,0,0,0
2469,"0481-00037","1995-05-12 00:00:00",4,0,0,3,2,0,0,0,0,0,0,0
2470,"0481-00038","1995-05-11 00:00:00",0,0,2,2,2,4,0,0,0,1,0,0
2471,"0510-00001","1995-08-03 00:00:00",0,0,0,4,1,0,0,0,0,0,4,0
2472,"0510-00002","1995-07-19 00:00:00",0,0,0,16,19,0,0,0,0,0,0,0
2473,"0510-00003","1995-07-18 00:00:00",0,0,0,3,0,0,0,0,0,0,0,0
2474,"0510-00004","1995-07-19 00:00:00",2,0,0,10,2,0,0,0,0,0,0,0
2475,"0510-00005","1995-08-03 00:00:00",0,0,1,15,1,0,0,0,0,0,0,0
2476,"0510-00006","1995-08-02 00:00:00",0,0,1,1,5,1,0,0,0,0,0,0
2477,"0510-00007","1995-07-20 00:00:00",0,2,0,2,7,0,0,0,0,0,0,0
2478,"0510-00008","1995-08-22 00:00:00",0,0,0,6,3,1,0,0,0,5,0,0
2479,"0510-00009","1995-07-20 00:00:00",1,0,0,19,31,1,0,0,0,0,0,0
2480,"0562-00001","1995-07-10 00:00:00",0,2,0,6,3,137,0,0,0,0,0,0
2481,"0562-00002","1995-06-23 00:00:00",0,0,2,99,1,96,0,0,0,0,0,0
2482,"0562-00003","1995-06-22 00:00:00",1,0,0,41,2,6,0,0,0,0,0,0
2483,"0562-00004","1995-06-23 00:00:00",2,0,0,0,0,260,0,0,0,22,0,0
2485,"0600-00009","1995-08-14 00:00:00",2,0,0,10,6,8,0,0,0,0,0,0
2486,"0600-00010","1995-08-15 00:00:00",8,0,2,8,36,8,0,0,0,0,0,0
2487,"0600-00011","1995-08-11 00:00:00",11,0,1,39,3,24,0,0,0,0,0,0
2488,"0600-00012","1995-08-11 00:00:00",0,2,0,17,1,1,0,0,0,0,0,0
2489,"0623-00002","1995-07-26 00:00:00",0,0,0,1,1,12,0,0,0,0,0,0
2490,"0651-00001","1995-07-17 00:00:00",0,1,0,0,3,1,0,0,0,0,0,0
2491,"0660-00002","1995-07-11 00:00:00",0,0,0,0,0,0,0,0,0,0,0,0
2492,"0660-00003","1995-07-11 00:00:00",0,0,0,1,19,0,0,0,0,0,0,0
2493,"0660-00004","1995-07-12 00:00:00",4,0,0,2,5,1,0,0,0,0,0,0
2494,"0670-00022","1995-07-14 00:00:00",0,0,0,3,6,1,0,0,0,0,0,0
2495,"0660-00006","1995-07-13 00:00:00",0,0,0,0,1,0,0,0,0,0,0,0
1931,"0010-00001","1993-07-27 00:00:00",10,8,0,1,5,0,2,0,1,0,0,0
1932,"0010-00003","1993-07-29 00:00:00",10,1,0,0,6,0,0,0,0,0,0,0
1933,"0010-00005","1993-07-27 00:00:00",0,0,0,0,0,12,0,0,0,2,0,0
1934,"0010-00007","1993-08-05 00:00:00",2,0,0,0,4,0,0,0,0,0,0,0
1935,"0010-00008","1993-08-02 00:00:00",2,0,0,1,0,2,0,0,0,5,0,0
1936,"0010-00021","1993-07-23 00:00:00",8,0,0,18,3,4,0,0,0,0,0,0
1937,"0010-00022","1993-07-22 00:00:00",21,3,0,0,0,21,0,0,0,0,0,0
1938,"0010-00023","1993-07-26 00:00:00",5,0,0,5,1,1,0,0,0,0,0,0
1939,"0010-00024","1993-07-26 00:00:00",3,0,0,0,0,13,0,0,0,0,0,0
1940,"0010-00025","1993-07-26 00:00:00",3,0,0,17,7,1,0,0,0,0,0,0
1941,"0010-00027","1993-08-05 00:00:00",0,0,0,0,1,0,0,0,0,0,0,0
1942,"0010-00028","1993-08-05 00:00:00",3,2,0,1,2,0,0,0,0,0,0,0
1943,"0010-00029","1993-08-05 00:00:00",24,0,0,8,14,0,0,0,0,2,0,0
1944,"0010-00030","1993-08-04 00:00:00",2,0,0,3,0,57,0,0,0,3,0,0
1422,"0570-00999","1984-01-01 00:00:00",0,0,0,0,0,0,0,0,0,0,0,0
1872,"0570-00999","1989-01-01 00:00:00",0,0,0,0,0,0,0,0,0,0,0,0
2452,"0380-00999","1995-06-12 00:00:00",0,0,0,0,0,0,0,0,0,0,0,0
2000,"0020-00001","1994-08-31 00:00:00",5,1,0,5,1,0,0,0,0,2,0,0
2001,"0020-00002","1994-08-31 00:00:00",0,0,0,1,0,0,0,0,0,16,0,0
2002,"0020-00003","1994-09-01 00:00:00",0,0,0,0,0,0,0,0,0,19,0,0
2003,"0020-00004","1994-09-12 00:00:00",0,0,0,0,0,1,0,0,0,7,0,0
2004,"0020-00005","1994-09-08 00:00:00",0,0,0,0,0,0,0,0,0,6,0,0
2005,"0020-00006","1994-09-08 00:00:00",0,0,0,1,2,6,0,0,0,15,0,0
2006,"0020-00007","1994-09-08 00:00:00",0,0,0,0,0,0,0,0,0,44,0,0
2007,"0020-00008","1994-09-07 00:00:00",0,0,0,0,0,0,0,0,0,39,0,0
2008,"0020-00009","1994-09-01 00:00:00",0,0,0,1,1,0,0,0,0,21,0,0
2009,"0030-00001","1994-07-28 00:00:00",1,0,0,3,13,2,0,0,0,0,0,0
2010,"0030-00002","1994-07-27 00:00:00",12,1,0,1,34,1,0,0,1,0,0,0
2011,"0030-00003","1994-07-27 00:00:00",0,0,0,3,6,5,0,0,0,1,0,0
2012,"0030-00004","1994-07-28 00:00:00",0,0,0,4,8,1,0,0,0,11,0,0
2013,"0030-00005","1994-07-28 00:00:00",5,0,0,9,7,0,0,0,0,1,0,0
2014,"0030-00006","1994-07-29 00:00:00",8,0,0,9,0,5,0,0,0,1,0,0
2015,"0030-00007","1994-07-29 00:00:00",1,4,3,6,80,0,0,0,1,0,0,0
2016,"0030-00008","1994-08-10 00:00:00",2,0,0,1,1,9,0,0,0,1,0,0
2017,"0030-00009","1994-08-01 00:00:00",15,5,0,2,6,4,0,0,0,1,0,0
2018,"0030-00010","1994-08-01 00:00:00",7,0,0,7,8,5,0,0,0,5,0,0
2019,"0030-00011","1994-08-02 00:00:00",0,0,0,1,0,6,0,0,0,9,0,0
2020,"0030-00012","1994-08-02 00:00:00",0,0,0,0,2,121,0,0,0,9,0,0
2021,"0030-00013","1994-08-03 00:00:00",22,0,1,3,0,1,0,0,0,7,0,0
2022,"0040-00001","1994-10-18 00:00:00",1,0,0,3,7,7,0,0,0,2,0,0
2023,"0040-00002","1994-10-19 00:00:00",19,0,0,10,72,18,0,0,0,0,0,0
2024,"0040-00003","1994-10-04 00:00:00",1,0,0,11,2,14,0,0,0,3,0,0
2025,"0040-00004","1994-10-19 00:00:00",0,0,1,4,1,1,0,0,0,0,0,0
2026,"0040-00005","1994-10-18 00:00:00",0,0,0,0,0,3,0,0,0,5,0,0
2027,"0040-00006","1994-10-17 00:00:00",0,0,0,5,1,30,0,0,0,50,0,0
2028,"0040-00007","1994-10-14 00:00:00",0,0,0,10,0,100,0,0,0,2,0,0
2029,"0040-00008","1994-09-30 00:00:00",0,2,0,8,8,13,0,0,0,0,0,0
2030,"0040-00009","1994-09-30 00:00:00",0,0,0,0,0,2,0,0,0,4,0,0
2031,"0040-00010","1994-10-03 00:00:00",4,0,0,3,0,0,0,0,0,56,0,0
2032,"0040-00011","1994-10-04 00:00:00",0,0,0,0,0,0,0,0,0,0,0,0
2033,"0040-00012","1994-10-03 00:00:00",0,0,0,2,25,14,0,0,0,13,0,0
2034,"0050-00002","1994-08-25 00:00:00",0,2,0,2,5,0,0,0,0,0,0,0
2035,"0050-00004","1994-08-25 00:00:00",0,0,0,2,4,3,0,0,0,4,0,0
2036,"0050-00006","1994-08-26 00:00:00",0,0,2,15,0,1,0,0,0,5,0,0
2037,"0050-00008","1994-08-29 00:00:00",0,6,1,8,4,0,0,0,0,0,0,0
2038,"0050-00013","1994-08-29 00:00:00",0,0,0,0,0,1,0,0,0,17,0,0
2039,"0050-00015","1994-08-17 00:00:00",2,0,1,3,0,2,0,0,0,23,0,0
2040,"0050-00017","1994-08-18 00:00:00",0,0,0,0,0,0,0,0,0,8,0,0
2041,"0050-00019","1994-08-22 00:00:00",0,0,0,0,1,0,0,0,0,2,0,0
2042,"0050-00021","1994-08-22 00:00:00",0,0,0,0,0,0,0,0,0,0,0,0
2043,"0050-00022","1994-08-24 00:00:00",0,0,0,1,2,4,0,0,0,0,0,0
2044,"0090-00001","1994-06-06 00:00:00",15,0,0,7,4,100,0,0,0,6,0,0
2045,"0091-00002","1994-06-05 00:00:00",2,0,0,6,0,8,0,0,0,0,0,0
2046,"0091-00003","1994-06-07 00:00:00",2,0,0,4,5,9,0,0,0,0,0,0
2047,"0090-00004","1994-06-07 00:00:00",0,0,0,0,0,81,0,0,0,0,0,0
2048,"0090-00005","1994-06-08 00:00:00",0,0,0,1,0,1,0,0,0,0,0,0
2049,"0091-00006","1994-06-08 00:00:00",0,0,0,1,0,6,0,0,0,0,0,0
2050,"0091-00007","1994-06-08 00:00:00",2,0,0,4,2,97,0,0,0,1,0,0
2051,"0090-00008","1994-06-09 00:00:00",0,0,1,1,3,84,0,0,0,2,0,0
2052,"0100-00001","1994-08-31 00:00:00",1,9,0,0,0,1,0,0,0,0,0,0
2053,"0100-00002","1994-08-30 00:00:00",0,4,0,0,1,35,0,0,0,0,0,0
2054,"0100-00003","1994-08-29 00:00:00",3,1,0,0,2,29,0,0,0,0,0,0
2055,"0100-00004","1994-08-23 00:00:00",1,28,0,1,6,0,0,0,0,0,0,0
2056,"0100-00005","1994-08-23 00:00:00",2,1,2,2,7,27,0,0,0,0,0,0
2057,"0100-00006","1994-08-25 00:00:00",0,7,0,1,2,0,0,0,0,0,0,0
2058,"0100-00007","1994-08-26 00:00:00",2,0,0,0,0,38,0,0,0,0,0,0
2059,"0100-00008","1994-08-26 00:00:00",3,3,0,31,0,1,0,0,0,0,0,0
2060,"0100-00009","1994-08-29 00:00:00",0,6,0,0,0,7,0,0,0,0,0,0
2061,"0110-00001","1994-06-24 00:00:00",10,3,0,17,19,22,0,0,0,2,0,0
2062,"0110-00002","1994-06-24 00:00:00",14,0,0,5,1,19,0,0,0,2,0,0
2063,"0110-00003","1994-06-24 00:00:00",0,4,0,2,2,41,0,0,0,0,0,0
2064,"0110-00004","1994-06-27 00:00:00",4,0,1,6,1,4,0,0,0,2,0,0
2065,"0110-00005","1994-06-27 00:00:00",0,0,0,3,1,9,0,0,0,0,0,0
2066,"0110-00006","1994-06-29 00:00:00",3,0,1,3,0,6,0,0,0,24,0,0
2067,"0110-00007","1994-06-27 00:00:00",0,0,1,4,6,0,0,0,0,8,0,0
2068,"0110-00008","1994-06-28 00:00:00",2,7,6,6,6,8,0,0,0,3,0,0
2069,"0110-00009","1994-06-29 00:00:00",0,0,0,0,0,153,0,0,0,1,0,0
2070,"0110-00010","1994-06-29 00:00:00",1,0,1,3,0,7,0,0,0,11,0,0
2071,"0110-00011","1994-06-28 00:00:00",1,1,1,1,0,9,0,0,0,0,0,0
2072,"0110-00012","1994-06-28 00:00:00",5,36,6,5,3,1,0,0,0,1,0,0
2073,"0110-00013","1994-07-18 00:00:00",0,76,0,1,0,0,0,0,0,0,0,0
2079,"0123-00003","1994-10-05 00:00:00",1,2,0,7,0,0,0,0,0,0,0,0
2074,"0123-00004","1994-10-05 00:00:00",0,0,0,0,0,0,0,0,0,0,0,0
2075,"0123-00006","1994-10-07 00:00:00",0,0,1,0,3,0,0,0,0,0,0,0
2076,"0123-00007","1994-10-07 00:00:00",0,0,0,0,4,1,0,0,0,0,0,0
2077,"0123-00001","1994-09-23 00:00:00",0,0,0,6,1,0,0,0,0,0,0,0
2078,"0123-00002","1994-09-30 00:00:00",15,14,4,27,21,0,0,0,0,0,0,0
2080,"0123-00005","1994-09-23 00:00:00",0,0,0,0,0,26,0,0,0,0,0,0
2081,"0123-00008","1994-10-10 00:00:00",4,1,1,8,4,6,0,0,0,0,0,0
2082,"0123-00021","1994-06-10 00:00:00",0,0,0,0,0,0,0,0,0,0,0,0
2083,"0123-00022","1994-06-10 00:00:00",0,0,0,14,0,1,0,0,0,5,0,0
2084,"0123-00023","1994-06-09 00:00:00",0,0,0,1,0,0,0,0,0,0,0,0
2085,"0123-00027","1994-06-13 00:00:00",3,0,4,5,0,0,0,0,0,0,0,0
2086,"0123-00028","1994-06-10 00:00:00",1,1,3,2,0,0,0,0,0,4,0,0
2087,"0123-00029","1994-06-13 00:00:00",2,6,0,1,4,0,0,0,0,5,0,0
2088,"0123-00010","1994-06-14 00:00:00",0,0,0,0,0,0,0,0,0,0,0,0
2089,"0123-00011","1994-06-16 00:00:00",0,0,0,4,0,0,0,0,0,9,1,0
2090,"0123-00012","1994-06-15 00:00:00",0,0,2,28,0,0,0,0,0,0,0,0
2091,"0123-00013","1994-06-15 00:00:00",0,0,0,0,4,0,0,0,0,3,0,0
2092,"0160-00001","1994-05-05 00:00:00",0,0,0,1,2,0,0,0,0,0,0,0
2093,"0160-00003","1994-05-04 00:00:00",1,0,3,2,1,2,0,0,0,0,0,0
2094,"0160-00010","1994-05-03 00:00:00",1,0,0,2,2,0,0,0,0,5,0,0
2095,"0160-00012","1994-05-25 00:00:00",0,0,1,0,0,7,0,0,0,0,0,0
2096,"0160-00015","1994-05-25 00:00:00",0,0,0,0,1,1,0,0,0,0,0,0
2097,"0160-00017","1994-05-26 00:00:00",0,0,0,5,4,11,0,0,0,0,0,0
2098,"0160-00019","1994-04-29 00:00:00",1,0,0,8,2,0,0,0,0,0,0,0
2099,"0160-00021","1994-06-01 00:00:00",0,0,0,0,1,36,0,0,0,0,0,0
2100,"0160-00022","1994-05-27 00:00:00",1,0,0,5,2,18,0,0,0,0,0,0
2101,"0160-00024","1994-06-01 00:00:00",0,0,1,3,1,15,0,0,0,0,0,0
2102,"0160-00025","1994-05-02 00:00:00",0,2,4,1,5,0,0,0,0,0,0,0
2103,"0160-00026","1994-05-24 00:00:00",0,0,0,3,0,6,0,0,0,0,0,0
2105,"0160-00027","1994-05-03 00:00:00",0,0,0,0,1,0,0,0,0,3,0,0
2106,"0160-00028","1994-05-25 00:00:00",1,0,2,29,9,4,0,0,0,1,0,0
2107,"0160-00029","1994-05-23 00:00:00",1,0,0,1,2,1,0,0,0,0,0,0
2108,"0160-00030","1994-05-11 00:00:00",1,0,1,4,0,0,0,0,0,0,0,0
2109,"0170-00001","1994-07-21 00:00:00",0,5,1,2,0,5,0,0,0,0,0,0
2110,"0170-00004","1994-07-21 00:00:00",0,0,0,7,1,9,0,0,0,0,0,0
2111,"0170-00005","1994-07-20 00:00:00",0,0,3,0,11,7,0,0,0,0,0,0
2112,"0170-00006","1994-07-20 00:00:00",2,0,1,14,1,8,0,0,0,0,0,0
2113,"0170-00007","1994-07-19 00:00:00",0,1,2,1,1,12,0,0,0,0,0,0
2114,"0170-00009","1994-07-15 00:00:00",0,0,0,6,26,0,0,0,0,0,1,0
2115,"0170-00010","1994-07-19 00:00:00",2,1,3,2,1,15,0,0,0,1,0,0
2116,"0170-00011","1994-07-19 00:00:00",0,0,0,0,0,2,0,0,0,0,0,0
2117,"0170-00012","1994-07-18 00:00:00",0,0,0,1,0,4,0,0,0,0,0,0
2118,"0170-00013","1994-07-17 00:00:00",0,0,1,4,5,6,0,0,0,0,0,0
2119,"0171-00002","1994-07-13 00:00:00",0,0,0,1,0,0,0,0,0,0,0,0
2120,"0171-00003","1994-07-13 00:00:00",0,0,0,0,1,1,0,0,0,0,0,0
2121,"0171-00008","1994-07-14 00:00:00",0,0,0,0,11,0,0,0,0,0,0,0
2122,"0171-00014","1994-07-15 00:00:00",0,0,0,1,3,0,0,0,0,0,0,0
2123,"0180-00002","1994-07-19 00:00:00",3,15,7,3,1,20,0,0,0,0,0,0
2124,"0180-00004","1994-07-15 00:00:00",3,2,1,1,3,131,0,0,0,0,0,0
2125,"0180-00006","1994-07-19 00:00:00",4,2,5,3,16,68,0,0,0,0,0,0
2126,"0180-00008","1994-07-20 00:00:00",0,0,2,3,2,22,0,1,0,0,0,0
2127,"0180-00010","1994-07-20 00:00:00",0,0,1,6,3,14,0,0,0,0,0,0
2128,"0180-00013","1994-07-18 00:00:00",0,0,1,2,24,143,0,0,0,0,0,0
2129,"0180-00018","1994-07-20 00:00:00",0,0,0,1,7,21,0,0,0,0,0,0
2130,"0180-00020","1994-07-21 00:00:00",0,0,0,3,8,17,0,0,0,0,0,0
2131,"0180-00022","1994-07-21 00:00:00",3,18,0,13,21,10,0,0,0,0,0,0
2132,"0180-00023","1994-07-22 00:00:00",0,2,4,4,66,7,0,0,0,0,0,0
2133,"0180-00024","1994-07-19 00:00:00",9,0,0,30,3,26,0,0,0,0,0,0
2134,"0190-00028","1994-10-06 00:00:00",0,0,0,0,0,0,0,0,0,28,0,0
2135,"0200-00001","1994-10-06 00:00:00",0,0,0,3,1,0,0,0,0,30,0,0
2136,"0220-00001","1994-09-01 00:00:00",0,0,2,1,0,0,0,0,0,0,0,0
2137,"0220-00002","1994-08-31 00:00:00",0,0,0,0,0,0,0,0,0,0,0,0
2138,"0220-00003","1994-08-22 00:00:00",0,0,0,0,0,0,0,0,0,0,0,0
2139,"0220-00004","1994-08-22 00:00:00",0,0,0,0,0,0,0,0,0,0,0,0
2140,"0220-00005","1994-09-13 00:00:00",0,0,0,1,0,0,0,0,0,0,0,0
2141,"0220-00006","1994-09-13 00:00:00",0,0,0,0,0,1,0,0,0,0,0,0
2142,"0220-00007","1994-09-12 00:00:00",0,0,0,0,0,20,0,0,0,0,0,0
2143,"0220-00008","1994-09-12 00:00:00",0,1,1,0,3,1,0,0,0,0,0,0
2144,"0220-00009","1994-09-15 00:00:00",0,0,0,0,1,15,0,0,0,1,0,0
2145,"0220-00010","1994-09-15 00:00:00",0,0,0,0,1,1,0,0,0,0,0,0
2146,"0220-00011","1994-09-13 00:00:00",0,0,0,0,1,2,0,0,0,0,0,0
2147,"0220-00012","1994-09-15 00:00:00",0,0,1,21,4,12,0,0,0,0,0,0
2148,"0220-00013","1994-09-16 00:00:00",9,0,5,43,2,11,0,0,0,0,0,0
2149,"0220-00014","1994-09-16 00:00:00",0,0,0,2,0,0,0,0,0,0,0,0
2150,"0220-00015","1994-09-19 00:00:00",0,0,2,3,6,4,0,0,0,0,0,0
2151,"0220-00016","1994-09-20 00:00:00",1,0,0,5,6,1,0,0,0,0,0,0
2152,"0220-00017","1994-09-20 00:00:00",0,0,0,6,0,11,0,0,0,0,0,0
2153,"0220-00018","1994-09-20 00:00:00",0,0,0,14,2,2,0,0,0,0,0,0
2154,"0220-00019","1994-09-21 00:00:00",0,0,0,1,0,3,0,0,0,0,0,0
2155,"0220-00020","1994-09-19 00:00:00",0,0,1,5,1,2,0,0,0,0,0,0
2156,"0230-00001","1994-06-08 00:00:00",4,3,0,10,3,3,0,0,0,0,0,0
2157,"0230-00003","1994-06-08 00:00:00",0,0,0,0,0,1,0,0,0,0,0,0
2158,"0230-00005","1994-06-08 00:00:00",7,0,0,0,3,7,0,0,4,0,0,0
2159,"0230-00012","1994-06-10 00:00:00",0,0,0,21,1,2,0,0,0,0,0,0
2160,"0230-00014","1994-06-10 00:00:00",0,0,1,2,6,36,0,0,0,1,0,0
2161,"0230-00015","1994-06-10 00:00:00",1,0,0,5,2,11,0,0,0,0,0,0
2162,"0230-00016","1994-06-09 00:00:00",0,0,0,1,3,10,0,5,0,0,0,0
2163,"0230-00024","1994-06-09 00:00:00",0,0,0,1,1,58,0,0,0,2,0,0
2164,"0230-00025","1994-06-09 00:00:00",0,0,0,0,1,1,0,0,0,3,0,0
2165,"0230-00026","1994-06-09 00:00:00",0,0,0,0,1,5,0,0,0,0,0,0
2166,"0230-00027","1994-06-10 00:00:00",2,0,0,10,15,7,0,0,0,0,0,0
2167,"0230-00028","1994-06-13 00:00:00",0,1,0,3,1,5,0,0,0,0,0,0
2168,"0230-00029","1994-06-08 00:00:00",0,0,0,0,1,3,0,0,0,0,0,0
2169,"0250-00100","1994-09-06 00:00:00",0,0,4,3,7,0,0,0,0,0,0,0
2170,"0260-00002","1994-06-17 00:00:00",0,0,1,2,2,36,0,0,0,3,0,0
2171,"0260-00004","1994-06-17 00:00:00",0,0,0,2,2,208,0,0,0,1,0,0
2172,"0260-00006","1994-06-21 00:00:00",3,0,1,2,0,30,0,0,0,11,0,0
2173,"0260-00008","1994-06-23 00:00:00",0,0,0,0,1,0,0,0,0,4,0,0
2174,"0260-00010","1994-06-22 00:00:00",1,0,0,0,0,4,0,0,0,3,0,0
2175,"0260-00021","1994-06-20 00:00:00",5,1,9,14,0,110,0,0,0,1,0,0
2176,"0260-00022","1994-06-20 00:00:00",0,0,4,5,0,10,0,0,0,1,0,0
2177,"0260-00023","1994-06-20 00:00:00",0,0,6,10,4,5,0,0,0,2,0,0
2178,"0270-00031","1994-06-22 00:00:00",8,0,7,25,3,0,0,0,0,27,0,0
2179,"0270-00001","1994-08-09 00:00:00",0,0,0,0,11,4,0,0,0,0,0,0
2180,"0270-00003","1994-08-09 00:00:00",1,0,0,1,0,4,0,0,0,0,0,0
2181,"0270-00005","1994-08-08 00:00:00",0,0,0,2,12,47,0,0,0,0,0,0
2182,"0270-00008","1994-08-10 00:00:00",2,0,0,4,0,9,0,0,0,0,0,0
2183,"0270-00010","1994-08-10 00:00:00",1,0,2,0,2,12,0,0,0,0,0,0
2184,"0270-00013","1994-08-07 00:00:00",0,0,0,1,0,1,0,0,0,1,0,0
2185,"0270-00015","1994-08-11 00:00:00",1,0,0,4,5,3,0,0,0,0,0,0
2186,"0270-00017","1994-08-12 00:00:00",0,0,0,0,0,0,0,0,0,0,0,0
2187,"0270-00019","1994-08-12 00:00:00",0,0,0,0,0,4,0,0,0,5,0,0
2188,"0270-00021","1994-08-08 00:00:00",0,0,0,1,1,0,0,0,0,0,0,0
2189,"0270-00022","1994-08-04 00:00:00",0,0,0,0,2,94,0,0,0,0,0,0
2190,"0270-00023","1994-08-04 00:00:00",1,0,2,0,0,20,0,0,0,0,0,0
2191,"0270-00024","1994-08-11 00:00:00",1,0,0,4,12,6,0,0,0,0,0,0
2192,"0270-00025","1994-08-15 00:00:00",0,0,0,0,1,10,0,0,0,0,0,0
2193,"0270-00026","1994-08-11 00:00:00",0,0,2,0,0,0,0,0,0,0,0,0
2194,"0270-00027","1994-08-10 00:00:00",3,0,0,8,2,0,0,0,0,7,0,0
2195,"0270-00028","1994-08-03 00:00:00",0,1,2,11,9,5,0,0,0,5,0,0
2196,"0270-00029","1994-08-03 00:00:00",2,0,1,1,2,8,0,0,0,0,0,0
2197,"0270-00030","1994-08-15 00:00:00",0,0,0,4,27,56,0,0,0,0,0,0
2198,"0292-00001","1994-07-22 00:00:00",0,0,0,3,0,0,0,0,0,0,0,0
2199,"0292-00010","1994-07-25 00:00:00",4,1,1,11,1,0,0,0,0,0,2,0
2200,"0292-00011","1994-07-25 00:00:00",6,0,0,8,0,4,0,0,0,2,0,0
2201,"0292-00012","1994-07-25 00:00:00",6,0,1,0,75,2,0,0,0,5,0,0
2202,"0292-00013","1994-08-03 00:00:00",2,0,0,24,155,4,0,0,0,5,2,0
2203,"0292-00014","1994-08-04 00:00:00",4,0,0,4,4,7,0,0,0,3,0,0
2204,"0292-00015","1994-07-27 00:00:00",6,0,1,17,2,34,0,0,0,1,0,0
2205,"0292-00016","1994-07-28 00:00:00",0,0,1,0,1,2,0,0,0,1,0,0
2206,"0292-00017","1994-07-28 00:00:00",5,0,1,11,7,1,0,0,0,10,0,0
2207,"0292-00019","1994-07-27 00:00:00",0,0,0,20,21,0,0,0,0,1,3,0
2208,"0292-00020","1994-07-26 00:00:00",1,0,0,1,0,0,0,0,0,6,12,0
2209,"0292-00021","1994-08-03 00:00:00",2,0,0,8,11,0,0,9,0,1,1,0
2210,"0292-00022","1994-08-02 00:00:00",0,0,0,1,9,0,0,0,0,6,0,0
2211,"0292-00023","1994-07-29 00:00:00",0,0,1,1,12,0,0,0,0,1,0,0
2212,"0292-00024","1994-07-29 00:00:00",7,0,0,12,23,1,0,0,0,33,2,0
2213,"0292-00025","1994-08-02 00:00:00",3,0,2,4,1,0,0,0,0,24,0,1
2214,"0291-00029","1994-08-02 00:00:00",0,8,3,1,12,0,0,1,0,1,0,0
2215,"0292-00030","1994-08-08 00:00:00",0,0,0,19,2,2,0,1,0,4,4,0
2216,"0292-00031","1994-08-08 00:00:00",0,0,0,0,0,1,0,0,0,4,0,0
2217,"0292-00032","1994-08-08 00:00:00",1,0,0,5,0,1,0,0,0,12,0,0
2218,"0292-00033","1994-08-12 00:00:00",17,0,3,10,20,0,0,0,0,29,1,0
2219,"0292-00034","1994-08-15 00:00:00",0,0,0,12,0,4,0,0,0,9,1,0
2220,"0292-00035","1994-08-09 00:00:00",0,0,0,5,3,11,0,0,0,3,0,0
2221,"0292-00036","1994-08-11 00:00:00",1,0,0,13,36,10,0,0,0,31,0,0
2222,"0292-00037","1994-08-17 00:00:00",3,0,0,13,2,9,0,0,0,0,0,0
2223,"0292-00038","1994-08-10 00:00:00",0,0,0,8,0,2,0,0,0,1,0,0
2224,"0292-00039","1994-08-12 00:00:00",0,0,2,2,3,5,0,0,0,0,0,0
2225,"0321-00014","1994-10-24 00:00:00",0,0,0,3,0,1,0,0,0,0,0,0
2226,"0321-00015","1994-10-20 00:00:00",1,0,0,1,1,0,0,0,1,0,0,0
2227,"0321-00007","1994-10-24 00:00:00",0,0,2,3,7,1,0,0,0,0,0,0
2228,"0321-00017","1994-10-18 00:00:00",0,0,0,0,1,6,0,0,3,0,0,0
2229,"0321-00049","1994-10-18 00:00:00",0,0,0,0,0,0,0,0,0,0,0,0
2230,"0380-00002","1994-08-10 00:00:00",6,0,18,4,0,4,0,0,0,0,0,0
2231,"0380-00004","1994-08-10 00:00:00",2,0,0,1,4,20,0,0,0,0,0,0
2232,"0380-00006","1994-08-11 00:00:00",0,0,1,3,1,17,0,0,0,0,0,0
2233,"0380-00008","1994-08-11 00:00:00",0,0,0,3,0,8,0,0,0,0,0,0
2234,"0380-00010","1994-08-12 00:00:00",0,1,0,1,0,1,0,0,0,0,0,0
2235,"0380-00012","1994-08-12 00:00:00",9,0,8,9,1,4,0,0,0,0,0,0
2236,"0380-00013","1994-08-16 00:00:00",1,0,1,6,0,29,0,0,0,0,0,0
2237,"0380-00015","1994-08-15 00:00:00",2,0,6,8,1,18,0,0,0,0,0,0
2238,"0380-00016","1994-08-16 00:00:00",2,1,3,15,1,2,0,0,0,0,0,0
2239,"0380-00019","1994-08-10 00:00:00",0,0,4,1,0,3,0,0,0,0,0,0
2240,"0380-00023","1994-08-11 00:00:00",1,4,3,23,0,45,0,0,0,0,0,0
2241,"0380-00024","1994-08-12 00:00:00",1,2,0,6,0,17,0,0,0,0,0,0
2242,"0380-00025","1994-08-15 00:00:00",2,6,3,0,0,0,0,0,0,0,0,0
2243,"0380-00027","1994-08-16 00:00:00",0,1,6,0,0,7,0,0,0,0,0,0
2244,"0380-00028","1994-08-18 00:00:00",1,20,21,1,0,0,0,0,0,0,0,0
2245,"0390-00003","1994-09-14 00:00:00",0,0,0,0,0,23,0,0,0,0,0,0
2246,"0390-00004","1994-09-19 00:00:00",0,0,0,2,1,31,0,0,0,0,0,0
2247,"0390-00005","1994-09-19 00:00:00",0,0,0,2,0,1,0,0,0,1,0,0
2248,"0390-00006","1994-09-14 00:00:00",0,0,0,0,0,0,0,0,0,0,0,0
2249,"0390-00007","1994-09-15 00:00:00",0,0,1,0,1,8,0,0,0,0,0,0
2250,"0390-00008","1994-09-14 00:00:00",0,0,0,3,1,0,0,0,0,1,0,0
2251,"0390-00009","1994-09-16 00:00:00",0,0,0,0,0,0,0,0,0,1,0,0
