"InvID","PlotID","Invdate","Species","Pcover","Aveht"
1,"0001-00201","1999-06-17 00:00:00","CHFO",30,1
1,"0001-00201","1999-06-17 00:00:00","QUCH",5,3
1,"0001-00201","1999-06-17 00:00:00","GAL-",0,0.5
1,"0001-00201","1999-06-17 00:00:00","POAZ",2,1
2,"0001-00202","1998-06-18 00:00:00","CHFO",85,1
2,"0001-00202","1998-06-18 00:00:00","QUCH",0,1
2,"0001-00202","1998-06-18 00:00:00","ARVI",5,6
2,"0001-00202","1998-06-18 00:00:00","GAL-",0,0.5
2,"0001-00202","1998-06-18 00:00:00","GOOB",0,0
2,"0001-00202","1998-06-18 00:00:00","RIRO",0,1
3,"0001-00203","1999-06-18 00:00:00","PTLA",5,1
3,"0001-00203","1999-06-18 00:00:00","GAL-",10,0.5
3,"0001-00203","1999-06-18 00:00:00","ROCA",5,1
3,"0001-00203","1999-06-18 00:00:00","CHFO",5,0.5
3,"0001-00203","1999-06-18 00:00:00","QUCH",2,0.5
3,"0001-00203","1999-06-18 00:00:00","HIAL",0,1
3,"0001-00203","1999-06-18 00:00:00","RFVI",0,0.5
3,"0001-00203","1999-06-18 00:00:00","MIGU",2,0.5
3,"0001-00203","1999-06-18 00:00:00","MOPE",0,0.5
4,"0001-00204","1999-06-20 00:00:00","QUCH",5,0.5
4,"0001-00204","1999-06-20 00:00:00","GOOB",0,0
4,"0001-00204","1999-06-20 00:00:00","GAL-",0,0
4,"0001-00204","1999-06-20 00:00:00","ROCA",0,0
4,"0001-00204","1999-06-20 00:00:00","DRSY",0,0
5,"0001-00205","1999-06-21 00:00:00","GOOB",0,0
5,"0001-00205","1999-06-21 00:00:00","QUCH",5,1
5,"0001-00205","1999-06-21 00:00:00","ROCA",0,0.5
5,"0001-00205","1999-06-21 00:00:00","GAL-",0,0.5
5,"0001-00205","1999-06-21 00:00:00","HIAL",0,0
5,"0001-00205","1999-06-21 00:00:00","RIRO",0,0
5,"0001-00205","1999-06-21 00:00:00","DRSY",5,0.5
5,"0001-00205","1999-06-21 00:00:00","POAZ",0,0
6,"0001-00206","1998-06-22 00:00:00","CHFO",25,1
6,"0001-00206","1998-06-22 00:00:00","VILO",0,1
6,"0001-00206","1998-06-22 00:00:00","NAR-",0,0
6,"0001-00206","1998-06-22 00:00:00","MOPE",0,0
6,"0001-00206","1998-06-22 00:00:00","GAL-",5,0.5
6,"0001-00206","1998-06-22 00:00:00","QUCH",5,2
7,"0001-00207","1999-06-22 00:00:00","DRSY",5,0.5
7,"0001-00207","1999-06-22 00:00:00","HIAL",5,1
7,"0001-00207","1999-06-22 00:00:00","CHFO",2,0.5
7,"0001-00207","1999-06-22 00:00:00","COCO",10,1
7,"0001-00207","1999-06-22 00:00:00","EPAN",5,1
7,"0001-00207","1999-06-22 00:00:00","CECR",2,1
7,"0001-00207","1999-06-22 00:00:00","POAZ",2,2
7,"0001-00207","1999-06-22 00:00:00","ROCA",2,1
7,"0001-00207","1999-06-22 00:00:00","RIRO",5,3
7,"0001-00207","1999-06-22 00:00:00","LIDE",2,1
7,"0001-00207","1999-06-22 00:00:00","FRVI",2,0.5
7,"0001-00207","1999-06-22 00:00:00","MINA-1",2,0.5
7,"0001-00207","1999-06-22 00:00:00","SMRA",2,2
7,"0001-00207","1999-06-22 00:00:00","DIFO",0,0
8,"0001-00301","1999-06-28 00:00:00","CHFO",30,1
8,"0001-00301","1999-06-28 00:00:00","HIAL",0,1
8,"0001-00301","1999-06-28 00:00:00","QUCH",5,4
8,"0001-00301","1999-06-28 00:00:00","ROCA",0,0.5
9,"0001-00302","1999-06-28 00:00:00","ROCKS",5,0.5
9,"0001-00302","1999-06-28 00:00:00","CHFO",35,1
9,"0001-00302","1999-06-28 00:00:00","NADI",5,0.5
9,"0001-00302","1999-06-28 00:00:00","POAZ",5,2
10,"0001-00303","1999-06-27 00:00:00","CHFO",45,2
10,"0001-00303","1999-06-27 00:00:00","ARVI",0,0
10,"0001-00303","1999-06-27 00:00:00","QUCH",5,2
10,"0001-00303","1999-06-27 00:00:00","GAL-",0,0
10,"0001-00303","1999-06-27 00:00:00","POAZ",0,0
10,"0001-00303","1999-06-27 00:00:00","RIRO",0,2
10,"0001-00303","1999-06-27 00:00:00","ROCA",0,0
11,"0001-00304","1999-06-27 00:00:00","ROCKS",20,3
11,"0001-00304","1999-06-27 00:00:00","QUCH",10,2
11,"0001-00304","1999-06-27 00:00:00","DRSY",10,1
11,"0001-00304","1999-06-27 00:00:00","CHFO",10,1
11,"0001-00304","1999-06-27 00:00:00","GAL-",0,0.5
11,"0001-00304","1999-06-27 00:00:00","COCO",0,2
11,"0001-00304","1999-06-27 00:00:00","RIRO",0,0.5
11,"0001-00304","1999-06-27 00:00:00","HIAL",0,0.5
11,"0001-00304","1999-06-27 00:00:00","POAZ",0,2
11,"0001-00304","1999-06-27 00:00:00","MIGU",0,0.5
12,"0001-00305","1998-06-27 00:00:00","POAZ",0,0.5
12,"0001-00305","1998-06-27 00:00:00","NADI",0,0
12,"0001-00305","1998-06-27 00:00:00","CHFO",0,1
12,"0001-00305","1998-06-27 00:00:00","QUCH",0,1
12,"0001-00305","1998-06-27 00:00:00","DRSY",0,0
12,"0001-00305","1998-06-27 00:00:00","MOPE",0,0.5
12,"0001-00305","1998-06-27 00:00:00","GAL-",0,0
12,"0001-00305","1998-06-27 00:00:00","LUGR",0,0.5
12,"0001-00305","1998-06-27 00:00:00","PHPU",0,0.5
13,"0001-00306","1999-06-24 00:00:00","SMRA",5,1.5
13,"0001-00306","1999-06-24 00:00:00","HIAL",5,1
13,"0001-00306","1999-06-24 00:00:00","RIRO",5,1
13,"0001-00306","1999-06-24 00:00:00","GAL-",5,1
13,"0001-00306","1999-06-24 00:00:00","QUCH",2,2
13,"0001-00306","1999-06-24 00:00:00","CEPA",5,3
13,"0001-00306","1999-06-24 00:00:00","POAZ",2,2
13,"0001-00306","1999-06-24 00:00:00","CEIN",5,5
14,"0001-00307","1999-06-24 00:00:00","DRSY",60,0.5
14,"0001-00307","1999-06-24 00:00:00","QUCH",0,1
14,"0001-00307","1999-06-24 00:00:00","CEIN",0,2
14,"0001-00307","1999-06-24 00:00:00","POAZ",0,1
14,"0001-00307","1999-06-24 00:00:00","RIRO",5,1
14,"0001-00307","1999-06-24 00:00:00","HIAL",5,1
14,"0001-00307","1999-06-24 00:00:00","GAL-",0,0
14,"0001-00307","1999-06-24 00:00:00","ADBI",0,0.5
15,"0001-00401","1999-07-09 00:00:00","GAL-",5,0.5
15,"0001-00401","1999-07-09 00:00:00","POAZ",5,2
15,"0001-00401","1999-07-09 00:00:00","PTLA",10,2
15,"0001-00401","1999-07-09 00:00:00","DRSY",5,0.5
15,"0001-00401","1999-07-09 00:00:00","FRVI",5,0.5
15,"0001-00401","1999-07-09 00:00:00","MIGU",0,1
16,"0001-00402","1999-07-07 00:00:00","HAIL",5,1
16,"0001-00402","1999-07-07 00:00:00","POAZ",5,2
16,"0001-00402","1999-07-07 00:00:00","FRVI",5,0.5
16,"0001-00402","1999-07-07 00:00:00","ROGY",5,1
16,"0001-00402","1999-07-07 00:00:00","RIRO",5,1.5
16,"0001-00402","1999-07-07 00:00:00","GAL-",2,0.5
16,"0001-00402","1999-07-07 00:00:00","EQAR",5,2
16,"0001-00402","1999-07-07 00:00:00","CHFO",2,1
17,"0001-00403","1999-07-07 00:00:00","CHFO",10,0.5
17,"0001-00403","1999-07-07 00:00:00","QUCH",5,2
17,"0001-00403","1999-07-07 00:00:00","CEIN",10,0.5
17,"0001-00403","1999-07-07 00:00:00","HIAL",0,2
17,"0001-00403","1999-07-07 00:00:00","DRSY",5,0.5
17,"0001-00403","1999-07-07 00:00:00","RIRO",0,1
17,"0001-00403","1999-07-07 00:00:00","ROCA",0,0.5
18,"0001-00404","1999-07-07 00:00:00","ALRH",10,3
18,"0001-00404","1999-07-07 00:00:00","POAZ",5,2
18,"0001-00404","1999-07-07 00:00:00","GAL-",5,1
18,"0001-00404","1999-07-07 00:00:00","MIGU",5,1.5
18,"0001-00404","1999-07-07 00:00:00","STAL",5,0.5
18,"0001-00404","1999-07-07 00:00:00","STEZ",5,3
18,"0001-00404","1999-07-07 00:00:00","HAIL",5,1.5
18,"0001-00404","1999-07-07 00:00:00","DRSY",10,0.5
18,"0001-00404","1999-07-07 00:00:00","RIRO",5,2
18,"0001-00404","1999-07-07 00:00:00","PTLA",5,1
18,"0001-00404","1999-07-07 00:00:00","FRVI",5,0.5
18,"0001-00404","1999-07-07 00:00:00","CEIN",5,5
18,"0001-00404","1999-07-07 00:00:00","GOOB",0,0.5
18,"0001-00404","1999-07-07 00:00:00","EQUZ",5,1
18,"0001-00404","1999-07-07 00:00:00","LICO",0,6
19,"0001-00405","1999-06-30 00:00:00","RIRO",10,1
19,"0001-00405","1999-06-30 00:00:00","DRSY",0,0
19,"0001-00405","1999-06-30 00:00:00","PTLA",15,1
19,"0001-00405","1999-06-30 00:00:00","QUCH",0,2
19,"0001-00405","1999-06-30 00:00:00","GAL-",0,0
19,"0001-00405","1999-06-30 00:00:00","RULE",5,1
20,"0001-00406","1999-06-30 00:00:00","ROCA",0,0.5
20,"0001-00406","1999-06-30 00:00:00","GOOB",0,0
20,"0001-00406","1999-06-30 00:00:00","HIAL",0,0
20,"0001-00406","1999-06-30 00:00:00","RIRO",0,1
20,"0001-00406","1999-06-30 00:00:00","GAL-",0,0
20,"0001-00406","1999-06-30 00:00:00","QUCH",0,0.5
20,"0001-00406","1999-06-30 00:00:00","ADBI",0,0
20,"0001-00406","1999-06-30 00:00:00","POAZ",0,0
21,"0001-00407","1999-06-29 00:00:00","DRSY",5,0
21,"0001-00407","1999-06-29 00:00:00","RUPA",5,2
21,"0001-00407","1999-06-29 00:00:00","POAZ",5,2
21,"0001-00407","1999-06-29 00:00:00","RIRO",5,1.5
21,"0001-00407","1999-06-29 00:00:00","DRSY",10,0.5
21,"0001-00407","1999-06-29 00:00:00","GAL-",5,0.0500000007450581
22,"0001-00501","1999-07-13 00:00:00","CHFO",0,0.5
22,"0001-00501","1999-07-13 00:00:00","QUCH",0,1
22,"0001-00501","1999-07-13 00:00:00","DRSY",5,0.5
22,"0001-00501","1999-07-13 00:00:00","HIAL",0,1
22,"0001-00501","1999-07-13 00:00:00","GAL-",0,0
22,"0001-00501","1999-07-13 00:00:00","RIRO",5,0.5
22,"0001-00501","1999-07-13 00:00:00","CEIN",0,2
22,"0001-00501","1999-07-13 00:00:00","ARVI",0,2
23,"0001-00502","1999-07-13 00:00:00","POAZ",2,1
23,"0001-00502","1999-07-13 00:00:00","ARPA",5,1.5
23,"0001-00502","1999-07-13 00:00:00","DRSY",5,0.5
23,"0001-00502","1999-07-13 00:00:00","RIRO",2,1
23,"0001-00502","1999-07-13 00:00:00","CEPA",5,3
24,"0001-00503","1999-07-13 00:00:00","DRSY",0,0
24,"0001-00503","1999-07-13 00:00:00","HIAL",50,1
24,"0001-00503","1999-07-13 00:00:00","CEIN",5,1
24,"0001-00503","1999-07-13 00:00:00","GAL-",0,0.5
24,"0001-00503","1999-07-13 00:00:00","QUCH",0,2
24,"0001-00503","1999-07-13 00:00:00","ARVI",0,3
24,"0001-00503","1999-07-13 00:00:00","RIRO",0,2
24,"0001-00503","1999-07-13 00:00:00","FRVI",0,0
24,"0001-00503","1999-07-13 00:00:00","NADI",0,0
25,"0001-00504","1999-07-13 00:00:00","RIRO",5,2
25,"0001-00504","1999-07-13 00:00:00","HIAL",2,3
25,"0001-00504","1999-07-13 00:00:00","DRSY",5,0.5
25,"0001-00504","1999-07-13 00:00:00","PTLA",5,1.5
25,"0001-00504","1999-07-13 00:00:00","GAL-",5,1
25,"0001-00504","1999-07-13 00:00:00","FRVI",2,0.5
25,"0001-00504","1999-07-13 00:00:00","ADBI",0,1
25,"0001-00504","1999-07-13 00:00:00","MIGU",0,1.5
25,"0001-00504","1999-07-13 00:00:00","EQUZ",5,1
26,"0001-00505","1999-07-12 00:00:00","ROCA",5,0.5
26,"0001-00505","1999-07-12 00:00:00","DRSY",0,0
26,"0001-00505","1999-07-12 00:00:00","QUCH",0,0
26,"0001-00505","1999-07-12 00:00:00","RIRO",0,0.5
26,"0001-00505","1999-07-12 00:00:00","GAL-",0,0
26,"0001-00505","1999-07-12 00:00:00","POAZ",0,0
27,"0001-00506","1999-07-12 00:00:00","DRSY",10,0.5
27,"0001-00506","1999-07-12 00:00:00","QUCH",5,3
27,"0001-00506","1999-07-12 00:00:00","RIRO",5,1
27,"0001-00506","1999-07-12 00:00:00","GAL-",5,1
27,"0001-00506","1999-07-12 00:00:00","POAZ",0,2
28,"0001-00507","1999-07-12 00:00:00","CEIN",5,6
28,"0001-00507","1999-07-12 00:00:00","ARVI",0,3
28,"0001-00507","1999-07-12 00:00:00","CHFO",0,0.5
28,"0001-00507","1999-07-12 00:00:00","HIAL",0,1
28,"0001-00507","1999-07-12 00:00:00","RUM-",10,0.5
28,"0001-00507","1999-07-12 00:00:00","NADI",0,0
28,"0001-00507","1999-07-12 00:00:00","GAL-",0,0
28,"0001-00507","1999-07-12 00:00:00","POAZ",0,0
28,"0001-00507","1999-07-12 00:00:00","RIRO",0,0
29,"0001-00601","1999-07-14 00:00:00","ARPA",5,1.5
29,"0001-00601","1999-07-14 00:00:00","RIRO",5,1
29,"0001-00601","1999-07-14 00:00:00","MEIL",5,2
29,"0001-00601","1999-07-14 00:00:00","CHFO",5,0.5
29,"0001-00601","1999-07-14 00:00:00","CEPA",5,2
29,"0001-00601","1999-07-14 00:00:00","TRIX",2,1.5
29,"0001-00601","1999-07-14 00:00:00","GAL-",2,1
29,"0001-00601","1999-07-14 00:00:00","FRVI",2,0.5
29,"0001-00601","1999-07-14 00:00:00","ROCA",0,0.5
30,"0001-00602","1999-07-14 00:00:00","RIRO",0,1
30,"0001-00602","1999-07-14 00:00:00","HIAL",5,1
30,"0001-00602","1999-07-14 00:00:00","GAL-",0,0.5
30,"0001-00602","1999-07-14 00:00:00","CEIN",0,2
30,"0001-00602","1999-07-14 00:00:00","GOOB",0,0
31,"0001-00603","1999-07-13 00:00:00","CEIN",5,1
31,"0001-00603","1999-07-13 00:00:00","MEIL",2,2
31,"0001-00603","1999-07-13 00:00:00","ARPA",5,2
31,"0001-00603","1999-07-13 00:00:00","FRVI",5,0.5
31,"0001-00603","1999-07-13 00:00:00","ADBI",0,0.5
31,"0001-00603","1999-07-13 00:00:00","GAL-",2,0.5
31,"0001-00603","1999-07-13 00:00:00","POAZ",0,1.5
31,"0001-00603","1999-07-13 00:00:00","RIRO",5,2
32,"0001-00604","1999-07-14 00:00:00","ROCA",0,0
32,"0001-00604","1999-07-14 00:00:00","CEPA",0,2
32,"0001-00604","1999-07-14 00:00:00","CEIN",0,3
32,"0001-00604","1999-07-14 00:00:00","HIAL",0,1
32,"0001-00604","1999-07-14 00:00:00","DRSY",10,0
32,"0001-00604","1999-07-14 00:00:00","FRVI",5,0
32,"0001-00604","1999-07-14 00:00:00","RIRO",10,5
32,"0001-00604","1999-07-14 00:00:00","QUCH",10,4
32,"0001-00604","1999-07-14 00:00:00","CHFO",0,1
32,"0001-00604","1999-07-14 00:00:00","GAL-",0,0.5
32,"0001-00604","1999-07-14 00:00:00","ARVI",0,4.5
33,"0001-00605","1999-07-13 00:00:00","RIRO",5,0.5
33,"0001-00605","1999-07-13 00:00:00","QUCH",5,3
34,"0001-00606","1999-07-20 00:00:00","GAL-",0,0.5
34,"0001-00606","1999-07-20 00:00:00","QUCH",0,3
34,"0001-00606","1999-07-20 00:00:00","RUM-",5,0
34,"0001-00606","1999-07-20 00:00:00","TRVI",0,0
34,"0001-00606","1999-07-20 00:00:00","RIRO",0,1
34,"0001-00606","1999-07-20 00:00:00","HIAL",0,0
36,"0001-00701","1999-07-21 00:00:00","RIRO",5,1
36,"0001-00701","1999-07-21 00:00:00","ARVI",0,2
36,"0001-00701","1999-07-21 00:00:00","HIAL",0,1
36,"0001-00701","1999-07-21 00:00:00","GAL-",0,0
36,"0001-00701","1999-07-21 00:00:00","QUCH",5,2
36,"0001-00701","1999-07-21 00:00:00","ROCA",0,1
36,"0001-00701","1999-07-21 00:00:00","DRSY",0,1
35,"0001-00607","1999-07-20 00:00:00","CHCH",5,3
35,"0001-00607","1999-07-20 00:00:00","GAL-",5,1
35,"0001-00607","1999-07-20 00:00:00","RIRO",5,1
35,"0001-00607","1999-07-20 00:00:00","FRVI",2,0.5
35,"0001-00607","1999-07-20 00:00:00","DRSY",2,0.5
35,"0001-00607","1999-07-20 00:00:00","POAZ",0,1
37,"0001-00702","1999-07-21 00:00:00","PTLA",10,2
37,"0001-00702","1999-07-21 00:00:00","FRVI",10,0.5
37,"0001-00702","1999-07-21 00:00:00","RIRO",5,1.5
37,"0001-00702","1999-07-21 00:00:00","GAL-",5,1.5
37,"0001-00702","1999-07-21 00:00:00","ADBI",5,0.5
37,"0001-00702","1999-07-21 00:00:00","POAZ",5,1.5
37,"0001-00702","1999-07-21 00:00:00","MEIL",5,2
37,"0001-00702","1999-07-21 00:00:00","EQAR",5,1.5
37,"0001-00702","1999-07-21 00:00:00","GOOB",0,0.5
38,"0001-00703","1999-07-22 00:00:00","EQAR",40,2
38,"0001-00703","1999-07-22 00:00:00","TRVI",30,0.5
38,"0001-00703","1999-07-22 00:00:00","ROCA",5,2
38,"0001-00703","1999-07-22 00:00:00","RIRO",0,0
38,"0001-00703","1999-07-22 00:00:00","GAL-",0,0
38,"0001-00703","1999-07-22 00:00:00","HIAL",25,2
38,"0001-00703","1999-07-22 00:00:00","QUCH",0,0.5
38,"0001-00703","1999-07-22 00:00:00","PTLA",0,0
38,"0001-00703","1999-07-22 00:00:00","POAZ",15,1
39,"0001-00704","1999-07-22 00:00:00","CHCH",5,2
39,"0001-00704","1999-07-22 00:00:00","MEIL",2,2
39,"0001-00704","1999-07-22 00:00:00","RIRO",5,2
39,"0001-00704","1999-07-22 00:00:00","ROCA",5,1.5
39,"0001-00704","1999-07-22 00:00:00","EQAR",5,1.5
39,"0001-00704","1999-07-22 00:00:00","SMRA",0,0.5
39,"0001-00704","1999-07-22 00:00:00","VILO",2,0.5
39,"0001-00704","1999-07-22 00:00:00","FRVI",35,0.5
39,"0001-00704","1999-07-22 00:00:00","PTLA",5,1
39,"0001-00704","1999-07-22 00:00:00","NADI",0,0.5
40,"0001-00706","1999-07-22 00:00:00","DRSY",0,0
40,"0001-00706","1999-07-22 00:00:00","GAL-",30,0.5
40,"0001-00706","1999-07-22 00:00:00","RIRO",15,2
40,"0001-00706","1999-07-22 00:00:00","HIAL",0,1
40,"0001-00706","1999-07-22 00:00:00","EQAR",0,2
40,"0001-00706","1999-07-22 00:00:00","QUCH",0,3
40,"0001-00706","1999-07-22 00:00:00","GOOB",0,0
40,"0001-00706","1999-07-22 00:00:00","PTLA",0,2
41,"0001-00707","1999-07-23 00:00:00","ROCA",5,1
41,"0001-00707","1999-07-23 00:00:00","GAL-",35,5
41,"0001-00707","1999-07-23 00:00:00","DIHO",0,0.5
41,"0001-00707","1999-07-23 00:00:00","ASHA",5,0.5
41,"0001-00707","1999-07-23 00:00:00","VILO",0,0
41,"0001-00707","1999-07-23 00:00:00","CEIN",0,3
41,"0001-00707","1999-07-23 00:00:00","RIRO",0,1
41,"0001-00707","1999-07-23 00:00:00","DRSY",0,0
41,"0001-00707","1999-07-23 00:00:00","TRVI",0,0
41,"0001-00707","1999-07-23 00:00:00","COCO",0,2
41,"0001-00707","1999-07-23 00:00:00","PTLA",0,0.5
42,"0001-00801","1999-07-24 00:00:00","CHCH",5,1.5
42,"0001-00801","1999-07-24 00:00:00","RIRO",5,2
42,"0001-00801","1999-07-24 00:00:00","DRSY",5,0.5
42,"0001-00801","1999-07-24 00:00:00","POAZ",2,1
43,"0001-00802","1999-07-24 00:00:00","GAL-",35,0
43,"0001-00802","1999-07-24 00:00:00","COCO",0,1
43,"0001-00802","1999-07-24 00:00:00","GOOB",0,0
43,"0001-00802","1999-07-24 00:00:00","DRSY",5,0
43,"0001-00802","1999-07-24 00:00:00","QUCH",0,1
43,"0001-00802","1999-07-24 00:00:00","RIRO",0,1
43,"0001-00802","1999-07-24 00:00:00","HIAL",0,0
44,"0001-00803","1999-07-25 00:00:00","ASHA",2,0.5
44,"0001-00803","1999-07-25 00:00:00","RIRO",2,1.5
44,"0001-00803","1999-07-25 00:00:00","GAL-",5,2
44,"0001-00803","1999-07-25 00:00:00","GOOB",0,0.5
44,"0001-00803","1999-07-25 00:00:00","CHCH",5,4
44,"0001-00803","1999-07-25 00:00:00","MEIL",2,2
44,"0001-00803","1999-07-25 00:00:00","POAZ",2,2
45,"0001-00804","1999-07-25 00:00:00","ADBI",15,0.5
45,"0001-00804","1999-07-25 00:00:00","DRSY",0,0
45,"0001-00804","1999-07-25 00:00:00","GAL-",0,0.5
45,"0001-00804","1999-07-25 00:00:00","RIRO",0,0
45,"0001-00804","1999-07-25 00:00:00","GOOB",0,0
45,"0001-00804","1999-07-25 00:00:00","ASHA",0,0.5
45,"0001-00804","1999-07-25 00:00:00","TRVI",10,0
45,"0001-00804","1999-07-25 00:00:00","HIAL",0,1
45,"0001-00804","1999-07-25 00:00:00","QUCH",0,1
45,"0001-00804","1999-07-25 00:00:00","PTLA",5,1
46,"0001-00805","1999-07-25 00:00:00","FRVI",10,0.5
46,"0001-00805","1999-07-25 00:00:00","GAL-",10,1
46,"0001-00805","1999-07-25 00:00:00","MEIL",5,1.5
46,"0001-00805","1999-07-25 00:00:00","VILO",5,0.5
46,"0001-00805","1999-07-25 00:00:00","POAZ",5,1
46,"0001-00805","1999-07-25 00:00:00","MIGU",5,0.5
46,"0001-00805","1999-07-25 00:00:00","ADBI",5,0.5
46,"0001-00805","1999-07-25 00:00:00","ASHA",5,0.5
46,"0001-00805","1999-07-25 00:00:00","ROCA",5,1
46,"0001-00805","1999-07-25 00:00:00","PTLA",5,1.5
46,"0001-00805","1999-07-25 00:00:00","RINE",0,1
47,"0001-00806","1999-07-25 00:00:00","GOOB",5,0
47,"0001-00806","1999-07-25 00:00:00","GAL-",0,0
47,"0001-00806","1999-07-25 00:00:00","SMRA",0,1
47,"0001-00806","1999-07-25 00:00:00","COCO",0,0
47,"0001-00806","1999-07-25 00:00:00","QUCH",0,0
48,"0001-00807","1999-07-26 00:00:00","DRSY",10,0.5
48,"0001-00807","1999-07-26 00:00:00","FRVI",10,0.5
48,"0001-00807","1999-07-26 00:00:00","PTLA",5,2
48,"0001-00807","1999-07-26 00:00:00","RINE",5,4
48,"0001-00807","1999-07-26 00:00:00","GABO1",5,1
48,"0001-00807","1999-07-26 00:00:00","ADBI",5,0.5
48,"0001-00807","1999-07-26 00:00:00","EQAR",5,1
48,"0001-00807","1999-07-26 00:00:00","OSBR",10,0.5
48,"0001-00807","1999-07-26 00:00:00","AQFO",5,1
48,"0001-00807","1999-07-26 00:00:00","OSCH",2,1
48,"0001-00807","1999-07-26 00:00:00","MEIL",2,1
48,"0001-00807","1999-07-26 00:00:00","ATFI",5,1
48,"0001-00807","1999-07-26 00:00:00","ASHA",5,0.5
49,"0001-00808","1999-07-26 00:00:00","SMRA",2,1
49,"0001-00808","1999-07-26 00:00:00","DRSY",2,0.5
49,"0001-00808","1999-07-26 00:00:00","GAL-",5,0.5
49,"0001-00808","1999-07-26 00:00:00","RIRO",2,1.5
49,"0001-00808","1999-07-26 00:00:00","GOOB",2,0.5
49,"0001-00808","1999-07-26 00:00:00","DISZ",2,0.5
49,"0001-00808","1999-07-26 00:00:00","COCO",2,2.5
49,"0001-00808","1999-07-26 00:00:00","MEIL",2,1
49,"0001-00808","1999-07-26 00:00:00","ASHA",2,0.5
49,"0001-00808","1999-07-26 00:00:00","GOOB",2,0.5
50,"0001-00809","1999-07-27 00:00:00","GAL-",2,1
50,"0001-00809","1999-07-27 00:00:00","RIRO",2,1
50,"0001-00809","1999-07-27 00:00:00","DRSY",5,0.5
50,"0001-00809","1999-07-27 00:00:00","POAZ",5,1
50,"0001-00809","1999-07-27 00:00:00","OSBR",5,0.5
50,"0001-00809","1999-07-27 00:00:00","COCO",5,1
50,"0001-00809","1999-07-27 00:00:00","ROCA",5,0.5
51,"0001-00810","1999-07-27 00:00:00","GAL-",5,1
51,"0001-00810","1999-07-27 00:00:00","PTLA",0,1
51,"0001-00810","1999-07-27 00:00:00","SMRA",0,1
51,"0001-00810","1999-07-27 00:00:00","CHCH",2,1.5
51,"0001-00810","1999-07-27 00:00:00","RIRO",2,1
52,"0001-00901","1999-08-10 00:00:00","RIRO",15,0.5
52,"0001-00901","1999-08-10 00:00:00","ROCA",5,0.5
52,"0001-00901","1999-08-10 00:00:00","COCO",25,3
52,"0001-00901","1999-08-10 00:00:00","GAL-",15,0
52,"0001-00901","1999-08-10 00:00:00","POAZ",0,0
52,"0001-00901","1999-08-10 00:00:00","ASHA",5,0.5
52,"0001-00901","1999-08-10 00:00:00","HIAL",5,1
52,"0001-00901","1999-08-10 00:00:00","DRSY",5,0
52,"0001-00901","1999-08-10 00:00:00","RUDI",0,1
52,"0001-00901","1999-08-10 00:00:00","QUCH",0,0
52,"0001-00901","1999-08-10 00:00:00","ADBI",0,0
52,"0001-00901","1999-08-10 00:00:00","CEPA",0,0.5
52,"0001-00901","1999-08-10 00:00:00","SMRA",0,1
53,"0001-00902","1999-08-09 00:00:00","POAZ",2,1
53,"0001-00902","1999-08-09 00:00:00","GAL-",2,1
53,"0001-00902","1999-08-09 00:00:00","CHCH",5,3
53,"0001-00902","1999-08-09 00:00:00","GOOB",0,0.5
54,"0001-00903","1999-08-15 00:00:00","GOOB",0,0.5
54,"0001-00903","1999-08-15 00:00:00","GAL-",5,0.5
54,"0001-00903","1999-08-15 00:00:00","DRSY",0,0.5
54,"0001-00903","1999-08-15 00:00:00","POAZ",0,0
55,"0001-00904","1999-08-09 00:00:00","MEIL",10,2
55,"0001-00904","1999-08-09 00:00:00","ADBI",5,1
55,"0001-00904","1999-08-09 00:00:00","SMRA",5,1
55,"0001-00904","1999-08-09 00:00:00","RIRO",2,1
55,"0001-00904","1999-08-09 00:00:00","POAZ",2,1
55,"0001-00904","1999-08-09 00:00:00","GAL-",2,1
55,"0001-00904","1999-08-09 00:00:00","GOOB",0,0.5
55,"0001-00904","1999-08-09 00:00:00","DRSY",2,0.5
55,"0001-00904","1999-08-09 00:00:00","ASHA",5,0.5
56,"0001-00905","1999-08-04 00:00:00","HIAL",25,1
56,"0001-00905","1999-08-04 00:00:00","GAL-",20,0
56,"0001-00905","1999-08-04 00:00:00","DIHO",15,1
56,"0001-00905","1999-08-04 00:00:00","ASHA",0,0.5
56,"0001-00905","1999-08-04 00:00:00","QUCH",0,2
56,"0001-00905","1999-08-04 00:00:00","DRSY",0,0
56,"0001-00905","1999-08-04 00:00:00","TRVI",0,0
56,"0001-00905","1999-08-04 00:00:00","RIRO",0,0.5
57,"0001-00906","1999-08-10 00:00:00","ROCKS",15,2
57,"0001-00906","1999-08-10 00:00:00","GAL-",5,1
57,"0001-00906","1999-08-10 00:00:00","SMRA",2,1
57,"0001-00906","1999-08-10 00:00:00","DRSY",10,0.5
57,"0001-00906","1999-08-10 00:00:00","PTLA",2,1.5
57,"0001-00906","1999-08-10 00:00:00","RIRO",2,1
57,"0001-00906","1999-08-10 00:00:00","CHCH",5,3
57,"0001-00906","1999-08-10 00:00:00","POAZ",5,2
57,"0001-00906","1999-08-10 00:00:00","COCO",2,2
58,"0001-00907","1999-08-04 00:00:00","GAL-",0,0
58,"0001-00907","1999-08-04 00:00:00","GOOB",0,0
58,"0001-00907","1999-08-04 00:00:00","RIRO",5,1
58,"0001-00907","1999-08-04 00:00:00","QUCH",0,1
58,"0001-00907","1999-08-04 00:00:00","HIAL",5,2
58,"0001-00907","1999-08-04 00:00:00","PTLA",10,1
58,"0001-00907","1999-08-04 00:00:00","DRSY",0,0
58,"0001-00907","1999-08-04 00:00:00","COCO",0,0
58,"0001-00907","1999-08-04 00:00:00","CEPA",0,0
59,"0001-00908","1999-08-03 00:00:00","ASHA",2,0.5
59,"0001-00908","1999-08-03 00:00:00","GAL-",5,1
59,"0001-00908","1999-08-03 00:00:00","FRVI",0,0.5
59,"0001-00908","1999-08-03 00:00:00","GOOB",0,0.5
59,"0001-00908","1999-08-03 00:00:00","SMRA",2,1
59,"0001-00908","1999-08-03 00:00:00","DIHO",2,1
59,"0001-00908","1999-08-03 00:00:00","OSBR",2,1
59,"0001-00908","1999-08-03 00:00:00","VILO",0,0.5
59,"0001-00908","1999-08-03 00:00:00","ADBI",0,0.5
59,"0001-00908","1999-08-03 00:00:00","MEIL",0,1.5
60,"0001-00909","1999-08-03 00:00:00","HIAL",0,0
60,"0001-00909","1999-08-03 00:00:00","GOOB",0,0
60,"0001-00909","1999-08-03 00:00:00","DRSY",5,0
60,"0001-00909","1999-08-03 00:00:00","GAL-",15,0
60,"0001-00909","1999-08-03 00:00:00","COCO",5,1
60,"0001-00909","1999-08-03 00:00:00","RIRO",0,0
60,"0001-00909","1999-08-03 00:00:00","ROCA",0,0.5
60,"0001-00909","1999-08-03 00:00:00","DIHO",0,1
61,"0001-00910","1999-08-03 00:00:00","DIHO",15,0.5
61,"0001-00910","1999-08-03 00:00:00","GAL-",5,0
61,"0001-00910","1999-08-03 00:00:00","SMRA",0,0
61,"0001-00910","1999-08-03 00:00:00","RIRO",0,0
61,"0001-00910","1999-08-03 00:00:00","QUCH",0,1
61,"0001-00910","1999-08-03 00:00:00","ASHA",0,0
61,"0001-00910","1999-08-03 00:00:00","HIAL",0,0
62,"0001-01001","1999-08-24 00:00:00","VILO",5,0
62,"0001-01001","1999-08-24 00:00:00","GAL-",15,0.5
62,"0001-01001","1999-08-24 00:00:00","ADBI",15,0.5
62,"0001-01001","1999-08-24 00:00:00","RIRO",5,1
62,"0001-01001","1999-08-24 00:00:00","DRSY",15,0
62,"0001-01001","1999-08-24 00:00:00","HIAL",10,1
62,"0001-01001","1999-08-24 00:00:00","ASHA",0,0.5
62,"0001-01001","1999-08-24 00:00:00","COCO",10,2
62,"0001-01001","1999-08-24 00:00:00","QUCH",0,2
62,"0001-01001","1999-08-24 00:00:00","GOOB",0,0.5
62,"0001-01001","1999-08-24 00:00:00","DIFO",0,0.5
62,"0001-01001","1999-08-24 00:00:00","OSBR",0,1
62,"0001-01001","1999-08-24 00:00:00","ROCA",0,0.5
63,"0001-01002","1999-08-19 00:00:00","ROCKS",15,0.5
63,"0001-01002","1999-08-19 00:00:00","GAL-",0,0.5
63,"0001-01002","1999-08-19 00:00:00","POAZ",10,1
63,"0001-01002","1999-08-19 00:00:00","ARVI",0,1
63,"0001-01002","1999-08-19 00:00:00","QUCH",0,1
64,"0001-01003","1999-08-19 00:00:00","GAL-",5,0
64,"0001-01003","1999-08-19 00:00:00","GOOB",5,0
64,"0001-01003","1999-08-19 00:00:00","TRVI",10,0
64,"0001-01003","1999-08-19 00:00:00","ROCA",0,0.5
64,"0001-01003","1999-08-19 00:00:00","HIAL",15,1
64,"0001-01003","1999-08-19 00:00:00","ARVI",0,0
64,"0001-01003","1999-08-19 00:00:00","CEIN",0,0.5
64,"0001-01003","1999-08-19 00:00:00","ADBI",5,0
64,"0001-01003","1999-08-19 00:00:00","VILO",0,0
64,"0001-01003","1999-08-19 00:00:00","DRSY",5,0
64,"0001-01003","1999-08-19 00:00:00","ASHA",0,0
65,"0001-01004","1999-08-19 00:00:00","HIAL",25,1
65,"0001-01004","1999-08-19 00:00:00","GOOB",0,0
65,"0001-01004","1999-08-19 00:00:00","TRVI",15,0.5
65,"0001-01004","1999-08-19 00:00:00","GAL-",25,5
65,"0001-01004","1999-08-19 00:00:00","ARVI",0,1
65,"0001-01004","1999-08-19 00:00:00","RIRO",0,1
65,"0001-01004","1999-08-19 00:00:00","DRSY",15,0
65,"0001-01004","1999-08-19 00:00:00","ADBI",0,0
65,"0001-01004","1999-08-19 00:00:00","BC",0,1
65,"0001-01004","1999-08-19 00:00:00","DIHO",0,0
65,"0001-01004","1999-08-19 00:00:00","ROCA",0,1
66,"0001-01005","1999-08-19 00:00:00","DRSY",35,0.5
66,"0001-01005","1999-08-19 00:00:00","POAZ",5,2
66,"0001-01005","1999-08-19 00:00:00","MEIL",5,2
66,"0001-01005","1999-08-19 00:00:00","CEIN",5,2
66,"0001-01005","1999-08-19 00:00:00","GAL-",5,0.5
66,"0001-01005","1999-08-19 00:00:00","SMRA",0,0.5
66,"0001-01005","1999-08-19 00:00:00","ROCA",0,0.5
66,"0001-01005","1999-08-19 00:00:00","RIRO",5,1
66,"0001-01005","1999-08-19 00:00:00","ASHA",0,0.5
67,"0001-01006","1999-08-20 00:00:00","COCO",5,2
67,"0001-01006","1999-08-20 00:00:00","SMRA",5,0.5
67,"0001-01006","1999-08-20 00:00:00","ASHA",0,0.5
67,"0001-01006","1999-08-20 00:00:00","MEIL",0,2
67,"0001-01006","1999-08-20 00:00:00","ROCA",5,0.5
67,"0001-01006","1999-08-20 00:00:00","OSBR",5,0.5
67,"0001-01006","1999-08-20 00:00:00","GAL-",5,2
67,"0001-01006","1999-08-20 00:00:00","CHCH",10,3
67,"0001-01006","1999-08-20 00:00:00","RIRO",0,1
68,"0001-01007","1999-08-19 00:00:00","LUGR",30,0
68,"0001-01007","1999-08-19 00:00:00","QUCH",10,0
68,"0001-01007","1999-08-19 00:00:00","GOOB",0,0
68,"0001-01007","1999-08-19 00:00:00","POAZ",0,1
69,"0001-01008","1999-08-20 00:00:00","SMRA",0,0
69,"0001-01008","1999-08-20 00:00:00","OBGR",25,1
69,"0001-01008","1999-08-20 00:00:00","ADBI",35,0.5
69,"0001-01008","1999-08-20 00:00:00","COCO",40,5
69,"0001-01008","1999-08-20 00:00:00","ASHA",5,0.5
69,"0001-01008","1999-08-20 00:00:00","TRVI",40,0.5
69,"0001-01008","1999-08-20 00:00:00","DIHO",5,0
69,"0001-01008","1999-08-20 00:00:00","GAL-",5,0
69,"0001-01008","1999-08-20 00:00:00","DIFO",5,0.5
69,"0001-01008","1999-08-20 00:00:00","DRSY",0,0
69,"0001-01008","1999-08-20 00:00:00","RIRO",5,0.5
70,"0001-01009","1999-08-20 00:00:00","ROCKS",5,1
70,"0001-01009","1999-08-20 00:00:00","COCO",15,3
70,"0001-01009","1999-08-20 00:00:00","ASHA",5,0.5
70,"0001-01009","1999-08-20 00:00:00","GAL-",5,1
70,"0001-01009","1999-08-20 00:00:00","CONU",5,1
70,"0001-01009","1999-08-20 00:00:00","VILO",0,0.5
70,"0001-01009","1999-08-20 00:00:00","ADBI",5,0.5
70,"0001-01009","1999-08-20 00:00:00","DRSY",5,0.5
70,"0001-01009","1999-08-20 00:00:00","ROCA",0,0.5
70,"0001-01009","1999-08-20 00:00:00","RIRO",5,1
70,"0001-01009","1999-08-20 00:00:00","GOOB",0,0.5
71,"0001-01010","1999-08-20 00:00:00","RIRO",0,0.5
71,"0001-01010","1999-08-20 00:00:00","GAL-",5,0
71,"0001-01010","1999-08-20 00:00:00","CHCH",20,5
71,"0001-01010","1999-08-20 00:00:00","COCO",20,4
71,"0001-01010","1999-08-20 00:00:00","ASHA",15,0
71,"0001-01010","1999-08-20 00:00:00","SMRA",5,0
71,"0001-01010","1999-08-20 00:00:00","ADBI",5,0
71,"0001-01010","1999-08-20 00:00:00","CONU",10,2
71,"0001-01010","1999-08-20 00:00:00","VILO",0,0
71,"0001-01010","1999-08-20 00:00:00","GOOB",0,0
71,"0001-01010","1999-08-20 00:00:00","TRLA",0,1
71,"0001-01010","1999-08-20 00:00:00","DIFO",0,0
72,"0001-01101","1999-08-16 00:00:00","ROCA",35,0.5
72,"0001-01101","1999-08-16 00:00:00","ADBI",25,0.5
72,"0001-01101","1999-08-16 00:00:00","COCO",15,2
72,"0001-01101","1999-08-16 00:00:00","QUCH",5,3
72,"0001-01101","1999-08-16 00:00:00","RIRO",0,1
72,"0001-01101","1999-08-16 00:00:00","DIFO",50,1
72,"0001-01101","1999-08-16 00:00:00","GAL-",0,0
72,"0001-01101","1999-08-16 00:00:00","TRVI",65,0.5
72,"0001-01101","1999-08-16 00:00:00","SMRA",5,1
72,"0001-01101","1999-08-16 00:00:00","HIAL",0,0
72,"0001-01101","1999-08-16 00:00:00","GOOB",0,0
73,"0001-01102","1999-08-24 00:00:00","CHCH",5,1
73,"0001-01102","1999-08-24 00:00:00","GOOB",5,0.5
73,"0001-01102","1999-08-24 00:00:00","GAL-",5,1
73,"0001-01102","1999-08-24 00:00:00","SMRA",0,0.5
73,"0001-01102","1999-08-24 00:00:00","MEIL",5,2
73,"0001-01102","1999-08-24 00:00:00","POAZ",5,2
74,"0001-01103","1999-08-24 00:00:00","TRVI",5,0
74,"0001-01103","1999-08-24 00:00:00","GAL-",5,0
74,"0001-01103","1999-08-24 00:00:00","DIHO",0,0
74,"0001-01103","1999-08-24 00:00:00","GOOB",0,0
75,"0001-01104","1999-08-24 00:00:00","CONU",15,3
75,"0001-01104","1999-08-24 00:00:00","MEIL",5,2
75,"0001-01104","1999-08-24 00:00:00","SMRA",5,0.5
75,"0001-01104","1999-08-24 00:00:00","ROCA",0,0
75,"0001-01104","1999-08-24 00:00:00","GAL-",5,1
75,"0001-01104","1999-08-24 00:00:00","ASHA",5,0.5
75,"0001-01104","1999-08-24 00:00:00","OSBR",10,0.5
75,"0001-01104","1999-08-24 00:00:00","CEIN",0,0.5
76,"0001-01201","1999-08-28 00:00:00","CIVU",5,1.5
76,"0001-01201","1999-08-28 00:00:00","FRVI",15,0.5
76,"0001-01201","1999-08-28 00:00:00","POAZ",15,1
76,"0001-01201","1999-08-28 00:00:00","DRSY",15,0.5
76,"0001-01201","1999-08-28 00:00:00","MEIL",10,1
76,"0001-01201","1999-08-28 00:00:00","MIGU",5,1
76,"0001-01201","1999-08-28 00:00:00","GAL-",5,1
76,"0001-01201","1999-08-28 00:00:00","PTLA",5,0.5
77,"0001-01202","1999-08-28 00:00:00","GAL-",0,0
77,"0001-01202","1999-08-28 00:00:00","GOOB",0,0
78,"0001-01203","1999-08-29 00:00:00","POAZ",0,1
78,"0001-01203","1999-08-29 00:00:00","GAL-",0,1
78,"0001-01203","1999-08-29 00:00:00","RIRO",0,1
78,"0001-01203","1999-08-29 00:00:00","MEIL",0,2
78,"0001-01203","1999-08-29 00:00:00","SMRA",0,1
79,"0001-01204","1999-08-29 00:00:00","ROCKS",10,0.5
79,"0001-01204","1999-08-29 00:00:00","GAL-",10,1
79,"0001-01204","1999-08-29 00:00:00","SMRA",10,0.5
79,"0001-01204","1999-08-29 00:00:00","OSBR",10,1
79,"0001-01204","1999-08-29 00:00:00","ASHA",5,0.5
79,"0001-01204","1999-08-29 00:00:00","VILO",5,0.5
79,"0001-01204","1999-08-29 00:00:00","DRSY",10,0.5
80,"0001-01301","1999-08-30 00:00:00","GOOB",5,0.5
80,"0001-01301","1999-08-30 00:00:00","MEIL",5,1.5
80,"0001-01301","1999-08-30 00:00:00","GAL-",5,1
80,"0001-01301","1999-08-30 00:00:00","CONU",5,3
80,"0001-01301","1999-08-30 00:00:00","DRSY",5,0.5
80,"0001-01301","1999-08-30 00:00:00","OSBR",0,0.5
81,"0001-01302","1999-08-30 00:00:00","DRSY",5,0.5
81,"0001-01302","1999-08-30 00:00:00","GAL-",5,1
81,"0001-01302","1999-08-30 00:00:00","ASHA",0,0.5
81,"0001-01302","1999-08-30 00:00:00","MEIL",5,1.5
82,"0001-01303","1999-08-30 00:00:00","ROCKS",10,0.5
82,"0001-01303","1999-08-30 00:00:00","DRSY",10,0.5
82,"0001-01303","1999-08-30 00:00:00","SMRA",0,0.5
82,"0001-01303","1999-08-30 00:00:00","GAL-",5,1
82,"0001-01303","1999-08-30 00:00:00","POAZ",5,1
83,"0001-01304","1999-08-30 00:00:00","SMRA",5,0.5
83,"0001-01304","1999-08-30 00:00:00","MEIL",10,2
83,"0001-01304","1999-08-30 00:00:00","GAL-",5,1
83,"0001-01304","1999-08-30 00:00:00","DRSY",10,0.5
83,"0001-01304","1999-08-30 00:00:00","ASHA",0,0.5
84,"0001-01401","1999-09-01 00:00:00","GAL-",25,0.5
84,"0001-01401","1999-09-01 00:00:00","RIRO",5,1
84,"0001-01401","1999-09-01 00:00:00","TRVI",5,0
84,"0001-01401","1999-09-01 00:00:00","DRSY",0,0.5
84,"0001-01401","1999-09-01 00:00:00","POAZ",0,1
84,"0001-01401","1999-09-01 00:00:00","ADBI",0,0
84,"0001-01401","1999-09-01 00:00:00","DIHO",0,0
84,"0001-01401","1999-09-01 00:00:00","GOOB",0,0
84,"0001-01401","1999-09-01 00:00:00","ASHA",0,0
85,"0001-01402","1999-09-01 00:00:00","MEIL",10,1.5
85,"0001-01402","1999-09-01 00:00:00","DRSY",10,0.5
85,"0001-01402","1999-09-01 00:00:00","GAL-",10,1
85,"0001-01402","1999-09-01 00:00:00","RIRO",0,0.5
85,"0001-01402","1999-09-01 00:00:00","ASHA",0,0.5
86,"0001-01403","1999-09-01 00:00:00","GAL-",20,0.5
86,"0001-01403","1999-09-01 00:00:00","DIHO",0,0.5
86,"0001-01403","1999-09-01 00:00:00","ROCA",0,0
86,"0001-01403","1999-09-01 00:00:00","MEIL",10,0.5
86,"0001-01403","1999-09-01 00:00:00","GOOB",0,0
86,"0001-01403","1999-09-01 00:00:00","RIRO",0,1
86,"0001-01403","1999-09-01 00:00:00","DRSY",0,0
87,"0001-01404","1999-09-01 00:00:00","GAL-",5,1
87,"0001-01404","1999-09-01 00:00:00","SMRA",5,0.5
87,"0001-01404","1999-09-01 00:00:00","ASHA",0,0.5
87,"0001-01404","1999-09-01 00:00:00","ROCA",0,0.5
87,"0001-01404","1999-09-01 00:00:00","GOOB",0,0.5
25,"0001-00504","1999-07-13 00:00:00","ASHA",5,0.5
40,"0001-00706","1999-07-22 00:00:00","ASHA",15,1
37,"0001-00702","1999-07-21 00:00:00","ASHA",10,0.5
27,"0001-00506","1999-07-12 00:00:00","ASHA",5,0.5
76,"0001-01201","1999-08-16 00:00:00","ASHA",15,0.5
88,"0001-00705","2000-08-02 00:00:00","ALRH",15,6
88,"0001-00705","2000-08-02 00:00:00","PRSU",0,1
88,"0001-00705","2000-08-02 00:00:00","CEIN",7,10
88,"0001-00705","2000-08-02 00:00:00","LIMO",0,0
88,"0001-00705","2000-08-02 00:00:00","GAL-",0,0
88,"0001-00705","2000-08-02 00:00:00","RUM-",5,0.5
88,"0001-00705","2000-08-02 00:00:00","QUCH",0,1
88,"0001-00705","2000-08-02 00:00:00","ARVI",0,2
89,"0001-00201","2011-08-08 00:00:00","CHFO",30,1
89,"0001-00201","2011-08-08 00:00:00","POAZ",0,1
89,"0001-00201","2011-08-08 00:00:00","GOOB",0,0
90,"0001-00202","2011-08-08 00:00:00","CHFO",45,1
90,"0001-00202","2011-08-08 00:00:00","RIRO",0,2
90,"0001-00202","2011-08-08 00:00:00","DRSY",0,0
90,"0001-00202","2011-08-08 00:00:00","POAZ",0,1
90,"0001-00202","2011-08-08 00:00:00","CEPA",0,2
92,"0001-00205","2011-09-21 00:00:00","CEPA",0,0
92,"0001-00205","2011-09-21 00:00:00","ARMA",5,1
92,"0001-00205","2011-09-21 00:00:00","DRSY",0,0
92,"0001-00205","2011-09-21 00:00:00","ROGY",0,0
92,"0001-00205","2011-09-21 00:00:00","RIRO",0,0
92,"0001-00205","2011-09-21 00:00:00","TRLA",0,0
92,"0001-00205","2011-09-21 00:00:00","POAZ",0,0
93,"0001-00207","2011-08-09 00:00:00","RIRO",0,3
93,"0001-00207","2011-08-09 00:00:00","HIAL",0,2
93,"0001-00207","2011-08-09 00:00:00","ADBI",0,0
93,"0001-00207","2011-08-09 00:00:00","QUCH",0,0.5
93,"0001-00207","2011-08-09 00:00:00","GAL-",0,0.5
93,"0001-00207","2011-08-09 00:00:00","CHFO",0,0.5
93,"0001-00207","2011-08-09 00:00:00","PRHO",0,0.5
93,"0001-00207","2011-08-09 00:00:00","SIL-",0,0.5
93,"0001-00207","2011-08-09 00:00:00","VILO",0,0.5
93,"0001-00207","2011-08-09 00:00:00","ROS-",0,0.5
93,"0001-00207","2011-08-09 00:00:00","DRSY",0,0
93,"0001-00207","2011-08-09 00:00:00","SMRA",0,0.5
94,"0001-00301","2011-08-08 00:00:00","CHFO",40,0.5
94,"0001-00301","2011-08-08 00:00:00","QUCH",10,2
94,"0001-00301","2011-08-08 00:00:00","POAZ",0,1
94,"0001-00301","2011-08-08 00:00:00","ROGY",0,0
94,"0001-00301","2011-08-08 00:00:00","PYPI",0,0
94,"0001-00301","2011-08-08 00:00:00","SMRN",0,0
95,"0001-00302","2011-08-07 00:00:00","CHFO",15,0.5
95,"0001-00302","2011-08-07 00:00:00","ARVI",0,2
95,"0001-00302","2011-08-07 00:00:00","LOSC",5,0
95,"0001-00302","2011-08-07 00:00:00","QUCH",0,1
95,"0001-00302","2011-08-07 00:00:00","RIRO",0,1
95,"0001-00302","2011-08-07 00:00:00","LIMO",0,0
95,"0001-00302","2011-08-07 00:00:00","SIL-",0,1
95,"0001-00302","2011-08-07 00:00:00","VIPU",0,0
95,"0001-00302","2011-08-07 00:00:00","HIAL",5,2
95,"0001-00302","2011-08-07 00:00:00","GAL-",0,0
96,"0001-00303","2011-08-08 00:00:00","CHFO",15,0
96,"0001-00303","2011-08-08 00:00:00","FABZ",0,0
96,"0001-00303","2011-08-08 00:00:00","POAZ",0,0.5
96,"0001-00303","2011-08-08 00:00:00","VIPU",0,0
96,"0001-00303","2011-08-08 00:00:00","ROS-",0,0.5
96,"0001-00303","2011-08-08 00:00:00","RIRO",0,2.5
96,"0001-00303","2011-08-08 00:00:00","LOSC",0,0
96,"0001-00303","2011-08-08 00:00:00","ARPA",0,0.5
96,"0001-00303","2011-08-08 00:00:00","QUCH",0,1
96,"0001-00303","2011-08-08 00:00:00","PLSP",0,1
97,"0001-00304","2011-08-08 00:00:00","QUCH",5,5
97,"0001-00304","2011-08-08 00:00:00","POAZ",0,2
97,"0001-00304","2011-08-08 00:00:00","DRSY",0,0
97,"0001-00304","2011-08-08 00:00:00","CHFO",10,1
97,"0001-00304","2011-08-08 00:00:00","HIAL",0,1
98,"0001-00306","2011-08-08 00:00:00","QUCH",0,2
98,"0001-00306","2011-08-08 00:00:00","SMRA",0,1
98,"0001-00306","2011-08-08 00:00:00","COR-",0,1
98,"0001-00306","2011-08-08 00:00:00","HIAL",0,2
98,"0001-00306","2011-08-08 00:00:00","RIRO",0,0
98,"0001-00306","2011-08-08 00:00:00","CEPA",0,0
98,"0001-00306","2011-08-08 00:00:00","GAL-",0,0
98,"0001-00306","2011-08-08 00:00:00","ALN-",0,3
99,"0001-00307","2011-08-09 00:00:00","RIRO",5,2
99,"0001-00307","2011-08-09 00:00:00","GOOB",0,0
99,"0001-00307","2011-08-09 00:00:00","ADBI",0,0
99,"0001-00307","2011-08-09 00:00:00","DRSY",65,0
99,"0001-00307","2011-08-09 00:00:00","VISH",0,0
99,"0001-00307","2011-08-09 00:00:00","HIHL",0,0
99,"0001-00307","2011-08-09 00:00:00","POAZ",0,1
100,"0001-00401","2011-08-06 00:00:00","GAL-",0,0
100,"0001-00401","2011-08-06 00:00:00","FRA-",0,0
100,"0001-00401","2011-08-06 00:00:00","MIM-",0,0
100,"0001-00401","2011-08-06 00:00:00","ATH-",0,1
100,"0001-00401","2011-08-06 00:00:00","RIRO",0,0
101,"0001-00402","2011-08-07 00:00:00","ROS-",0,0
101,"0001-00402","2011-08-07 00:00:00","RIRO",0,1
101,"0001-00402","2011-08-07 00:00:00","FRA-",0,0.5
101,"0001-00402","2011-08-07 00:00:00","QUCH",0,0.5
101,"0001-00402","2011-08-07 00:00:00","HIAL",0,2
101,"0001-00402","2011-08-07 00:00:00","PYR-",0,0.5
101,"0001-00402","2011-08-07 00:00:00","VILO",0,0
101,"0001-00402","2011-08-07 00:00:00","CAR-",0,1
101,"0001-00402","2011-08-07 00:00:00","CLA-",0,0
101,"0001-00402","2011-08-07 00:00:00","GOOB",0,0
101,"0001-00402","2011-08-07 00:00:00","EQUZ",0,1
101,"0001-00402","2011-08-07 00:00:00","SIL-",0,0
102,"0001-00403","2011-08-07 00:00:00","CHFO",5,1
102,"0001-00403","2011-08-07 00:00:00","QUCH",0,2
102,"0001-00403","2011-08-07 00:00:00","CEIN",0,4
102,"0001-00403","2011-08-07 00:00:00","RIRO",0,3
102,"0001-00403","2011-08-07 00:00:00","ROGY",0,1
102,"0001-00403","2011-08-07 00:00:00","DRSY",5,0.5
103,"0001-00404","2011-08-07 00:00:00","FRCA",40,1
103,"0001-00404","2011-08-07 00:00:00","ARC-",0,1
103,"0001-00404","2011-08-07 00:00:00","DRSY",30,0
103,"0001-00404","2011-08-07 00:00:00","GAL-",0,1
103,"0001-00404","2011-08-07 00:00:00","POAZ",0,0
103,"0001-00404","2011-08-07 00:00:00","PTAQ",0,1
103,"0001-00404","2011-08-07 00:00:00","RIRO",0,1
104,"0001-00405","2011-08-07 00:00:00","DRSY",25,0
104,"0001-00405","2011-08-07 00:00:00","PTAQ",0,1
104,"0001-00405","2011-08-07 00:00:00","ADBI",0,0
104,"0001-00405","2011-08-07 00:00:00","QUCH",0,1
104,"0001-00405","2011-08-07 00:00:00","RIRO",15,1
105,"0001-00406","2011-08-07 00:00:00","RIRO",0,2
105,"0001-00406","2011-08-07 00:00:00","ARVI",0,2
105,"0001-00406","2011-08-07 00:00:00","POAZ",0,1
105,"0001-00406","2011-08-07 00:00:00","QUCH",0,1
106,"0001-00407","2011-08-06 00:00:00","RIRO",5,2
106,"0001-00407","2011-08-06 00:00:00","RUPA",10,1
106,"0001-00407","2011-08-06 00:00:00","CYPZ",5,2
106,"0001-00407","2011-08-06 00:00:00","QULO",0,0.5
106,"0001-00407","2011-08-06 00:00:00","POAZ",0,1
107,"0001-00501","2011-08-06 00:00:00","DRSY",0,0.5
107,"0001-00501","2011-08-06 00:00:00","GAL-",0,0.5
107,"0001-00501","2011-08-06 00:00:00","RIRO",0,1
107,"0001-00501","2011-08-06 00:00:00","RINE",0,2
107,"0001-00501","2011-08-06 00:00:00","HIAL",0,2
107,"0001-00501","2011-08-06 00:00:00","CHFO",0,0.5
107,"0001-00501","2011-08-06 00:00:00","QUCH",0,5
107,"0001-00501","2011-08-06 00:00:00","PYPI",0,0
107,"0001-00501","2011-08-06 00:00:00","ALN-",0,1
107,"0001-00501","2011-08-06 00:00:00","SYMO",0,1
108,"0001-00502","2011-08-07 00:00:00","QUCH",0,2
108,"0001-00502","2011-08-07 00:00:00","DRSY",0,0
108,"0001-00502","2011-08-07 00:00:00","PYPI",0,0.5
108,"0001-00502","2011-08-07 00:00:00","RIRO",0,0
108,"0001-00502","2011-08-07 00:00:00","HIAL",0,2
108,"0001-00502","2011-08-07 00:00:00","GOOB",0,0
108,"0001-00502","2011-08-07 00:00:00","CHSE",0,2
109,"0001-00503","2011-08-05 00:00:00","DRSY",0,0.5
109,"0001-00503","2011-08-05 00:00:00","RIRO",0,2
109,"0001-00503","2011-08-05 00:00:00","HIAL",0,2
109,"0001-00503","2011-08-05 00:00:00","CEIN",0,8
109,"0001-00503","2011-08-05 00:00:00","LIMO",0,0
109,"0001-00503","2011-08-05 00:00:00","PYPI",0,0
110,"0001-00504","2011-08-05 00:00:00","RIRO",0,2
110,"0001-00504","2011-08-05 00:00:00","PTAQ",5,2
110,"0001-00504","2011-08-05 00:00:00","CEIN",0,8
110,"0001-00504","2011-08-05 00:00:00","FRA-",0,0.5
110,"0001-00504","2011-08-05 00:00:00","MIM-",0,0.5
110,"0001-00504","2011-08-05 00:00:00","GAL-",0,0
110,"0001-00504","2011-08-05 00:00:00","HIAL",0,1
110,"0001-00504","2011-08-05 00:00:00","ADBI",0,0.5
110,"0001-00504","2011-08-05 00:00:00","ALN-",0,5
111,"0001-00505","2011-08-05 00:00:00","ROS-",0,1
111,"0001-00505","2011-08-05 00:00:00","FRA-",0,0.5
111,"0001-00505","2011-08-05 00:00:00","ASHA",0,0.5
111,"0001-00505","2011-08-05 00:00:00","RIRO",0,2
111,"0001-00505","2011-08-05 00:00:00","QUCH",0,4
111,"0001-00505","2011-08-05 00:00:00","PRHO",0,1
112,"0001-00506","2011-08-04 00:00:00","DRSY",5,0.5
112,"0001-00506","2011-08-04 00:00:00","GAL-",0,1
112,"0001-00506","2011-08-04 00:00:00","RIRO",0,2
112,"0001-00506","2011-08-04 00:00:00","QUE-",5,4
112,"0001-00506","2011-08-04 00:00:00","CEIN",0,1
112,"0001-00506","2011-08-04 00:00:00","VIPU",0,0
112,"0001-00506","2011-08-04 00:00:00","LOSC",0,0
112,"0001-00506","2011-08-04 00:00:00","LIMO",0,0
112,"0001-00506","2011-08-04 00:00:00","POAZ",0,1
113,"0001-00507","2011-08-06 00:00:00","RIRO",15,2
113,"0001-00507","2011-08-06 00:00:00","CEIN",0,1
113,"0001-00507","2011-08-06 00:00:00","ARVI",5,2
113,"0001-00507","2011-08-06 00:00:00","QULO",0,5
113,"0001-00507","2011-08-06 00:00:00","ROGY",0,1
113,"0001-00507","2011-08-06 00:00:00","GAL-",0,0.5
113,"0001-00507","2011-08-06 00:00:00","FRCA",0,0
113,"0001-00507","2011-08-06 00:00:00","UFOP",0,2
114,"0001-00601","2011-06-05 00:00:00","CEA-",0,2
114,"0001-00601","2011-06-05 00:00:00","MOPE",5,0
114,"0001-00601","2011-06-05 00:00:00","POAZ",0,0
114,"0001-00601","2011-06-05 00:00:00","ARPA",0,1
114,"0001-00601","2011-06-05 00:00:00","RIRO",0,1
115,"0001-00602","2011-06-06 00:00:00","FRCA",0,0
115,"0001-00602","2011-06-06 00:00:00","POAZ",0,0
115,"0001-00602","2011-06-06 00:00:00","RIRO",5,1
116,"0001-00603","2011-06-05 00:00:00","FRCA",5,0
116,"0001-00603","2011-06-05 00:00:00","RIRO",5,1
116,"0001-00603","2011-06-05 00:00:00","ARPA",2,1
116,"0001-00603","2011-06-05 00:00:00","ADBI",0,0
116,"0001-00603","2011-06-05 00:00:00","ADBI",0,0.5
116,"0001-00603","2011-06-05 00:00:00","GAL-",2,0.5
116,"0001-00603","2011-06-05 00:00:00","POAZ",0,1.5
116,"0001-00603","2011-06-05 00:00:00","RIRO",5,2
117,"0001-00604","2011-06-06 00:00:00","GAL-",0,0
117,"0001-00604","2011-06-06 00:00:00","FRCA",0,0
117,"0001-00604","2011-06-06 00:00:00","RIRO",5,1
117,"0001-00604","2011-06-06 00:00:00","CEA-",5,1
117,"0001-00604","2011-06-06 00:00:00","ARPA",0,1
117,"0001-00604","2011-06-06 00:00:00","POAZ",0,0
118,"0001-00605","2011-08-05 00:00:00","ARVI",0,4
118,"0001-00605","2011-08-05 00:00:00","RIRO",0,1
118,"0001-00605","2011-08-05 00:00:00","QUE-",5,6
118,"0001-00605","2011-08-05 00:00:00","HIAL",0,0
119,"0001-00606","2011-09-21 00:00:00","GAL-",5,0.5
119,"0001-00606","2011-09-21 00:00:00","QUCH",0,0
119,"0001-00606","2011-09-21 00:00:00","RIRO",0,3
119,"0001-00606","2011-09-21 00:00:00","FRCA",0,0
119,"0001-00606","2011-09-21 00:00:00","POAZ",0,1
119,"0001-00606","2011-09-21 00:00:00","PYPI",0,0
119,"0001-00606","2011-09-21 00:00:00","GOOB",0,0
120,"0001-00701","2011-06-05 00:00:00","POAZ",0,0
120,"0001-00701","2011-06-05 00:00:00","VILO",0,0
121,"0001-00702","2011-06-04 00:00:00","RIRO",5,1
121,"0001-00702","2011-06-04 00:00:00","FRCA",10,0
121,"0001-00702","2011-06-04 00:00:00","ADBI",0,0
121,"0001-00702","2011-06-04 00:00:00","GAL-",0,0
121,"0001-00702","2011-06-04 00:00:00","JUNZ",0,1
122,"0001-00703","2011-06-05 00:00:00","FRCA",40,0
122,"0001-00703","2011-06-05 00:00:00","JUNZ",0,1
122,"0001-00703","2011-06-05 00:00:00","ADBI",0,0
122,"0001-00703","2011-06-05 00:00:00","ARPU",0,2
122,"0001-00703","2011-06-05 00:00:00","PTAQ",5,1
122,"0001-00703","2011-06-05 00:00:00","ROCA",15,1
122,"0001-00703","2011-06-05 00:00:00","RIRO",5,1
123,"0001-00704","2011-06-05 00:00:00","FRCA",40,0
123,"0001-00704","2011-06-05 00:00:00","ARPA",5,2
123,"0001-00704","2011-06-05 00:00:00","JUNZ",0,1
123,"0001-00704","2011-06-05 00:00:00","ADBI",0,0
123,"0001-00704","2011-06-05 00:00:00","FERN",10,1
123,"0001-00704","2011-06-05 00:00:00","RIRO",10,1
123,"0001-00704","2011-06-05 00:00:00","ROCA",5,1
123,"0001-00704","2011-06-05 00:00:00","EQAR",0,0
123,"0001-00704","2011-06-05 00:00:00","SMRA",0,0
123,"0001-00704","2011-06-05 00:00:00","VILO",0,0
123,"0001-00704","2011-06-05 00:00:00","FRVI",0,0
123,"0001-00704","2011-06-05 00:00:00","PTLA",0,0
123,"0001-00704","2011-06-05 00:00:00","NADI",0,0
124,"0001-00705","2011-06-06 00:00:00","CEA-",0,1
124,"0001-00705","2011-06-06 00:00:00","GAL-",5,0.5
124,"0001-00705","2011-06-06 00:00:00","ALRU",10,3
124,"0001-00705","2011-06-06 00:00:00","QUAG",0,3
125,"0001-00706","2011-06-04 00:00:00","VILO",5,0
125,"0001-00706","2011-06-04 00:00:00","GAL-",15,0
125,"0001-00706","2011-06-04 00:00:00","RIRO",5,0.5
125,"0001-00706","2011-06-04 00:00:00","FRCA",5,0
125,"0001-00706","2011-06-04 00:00:00","POAZ",0,0
126,"0001-00707","2011-06-05 00:00:00","ROCA",0,0.5
126,"0001-00707","2011-06-05 00:00:00","GAL-",15,0
126,"0001-00707","2011-06-05 00:00:00","VILO",5,0
126,"0001-00707","2011-06-05 00:00:00","RIRO",10,0.5
126,"0001-00707","2011-06-05 00:00:00","RD",10,1
126,"0001-00707","2011-06-05 00:00:00","SMRA",0,0.5
127,"0001-01303","2011-08-03 00:00:00","GAL-",0,0.5
127,"0001-01303","2011-08-03 00:00:00","DRSY",5,0.5
127,"0001-01303","2011-08-03 00:00:00","FRA-",0,1
127,"0001-01303","2011-08-03 00:00:00","HIAL",0,2
127,"0001-01303","2011-08-03 00:00:00","RIRO",0,1
127,"0001-01303","2011-08-03 00:00:00","VISH",0,0
127,"0001-01303","2011-08-03 00:00:00","CLA-",0,0.5
127,"0001-01303","2011-08-03 00:00:00","CAR-",0,1
128,"0001-01304","2011-08-03 00:00:00","DRSY",20,0.5
128,"0001-01304","2011-08-03 00:00:00","GAL-",0,1
128,"0001-01304","2011-08-03 00:00:00","RIRO",0,0.5
128,"0001-01304","2011-08-03 00:00:00","ASHA",0,0.5
128,"0001-01304","2011-08-03 00:00:00","PRHO",0,0.5
128,"0001-01304","2011-08-03 00:00:00","HIAL",0,2
129,"0001-01401","2011-08-02 00:00:00","RIRO",5,2
129,"0001-01401","2011-08-02 00:00:00","DRSY",0,0.5
129,"0001-01401","2011-08-02 00:00:00","VILO",0,0
129,"0001-01401","2011-08-02 00:00:00","GAL-",0,1
129,"0001-01401","2011-08-02 00:00:00","ADBI",0,0
129,"0001-01401","2011-08-02 00:00:00","GOOB",0,0
129,"0001-01401","2011-08-02 00:00:00","ASHA",0,0.5
130,"0001-01402","2011-08-02 00:00:00","DRSY",5,0.5
130,"0001-01402","2011-08-02 00:00:00","RIRO",0,0.5
130,"0001-01402","2011-08-02 00:00:00","GAL-",0,1
130,"0001-01402","2011-08-02 00:00:00","HIAL",0,2
130,"0001-01402","2011-08-02 00:00:00","VILO",0,0.5
130,"0001-01402","2011-08-02 00:00:00","ROS-",0,1
131,"0001-01403","2011-08-02 00:00:00","GAL-",5,1
131,"0001-01403","2011-08-02 00:00:00","HIAL",0,2
131,"0001-01403","2011-08-02 00:00:00","ROS-",0,0.5
131,"0001-01403","2011-08-02 00:00:00","RIRO",0,1
131,"0001-01403","2011-08-02 00:00:00","POAZ",0,2
131,"0001-01403","2011-08-02 00:00:00","RUB-",0,0.5
132,"0001-01404","2011-08-03 00:00:00","ASHA",0,0.5
132,"0001-01404","2011-08-03 00:00:00","ROS-",0,0
132,"0001-01404","2011-08-03 00:00:00","PRHO",0,0.5
132,"0001-01404","2011-08-03 00:00:00","GAL-",0,1
132,"0001-01404","2011-08-03 00:00:00","VILO",0,0
132,"0001-01404","2011-08-03 00:00:00","DRSY",0,0.5
132,"0001-01404","2011-08-03 00:00:00","RIRO",0,0.5
133,"0001-00801","2012-09-18 00:00:00","GAL-",0,0
133,"0001-00801","2012-09-18 00:00:00","COCO",0,1
133,"0001-00801","2012-09-18 00:00:00","QUCH",0,2.5
133,"0001-00801","2012-09-18 00:00:00","POAZ",0,1
133,"0001-00801","2012-09-18 00:00:00","DRA-",0,0
133,"0001-00801","2012-09-18 00:00:00","RIRO",0,0.5
133,"0001-00801","2012-09-18 00:00:00","GOOB",0,0.5
134,"0001-00802","2012-09-17 00:00:00","GAL-",15,0
134,"0001-00802","2012-09-17 00:00:00","DRA-",5,0
134,"0001-00802","2012-09-17 00:00:00","ASTZ",5,1.5
134,"0001-00802","2012-09-17 00:00:00","FRVI",5,0
134,"0001-00802","2012-09-17 00:00:00","RIRO",0,1
134,"0001-00802","2012-09-17 00:00:00","POAZ",0,3
134,"0001-00802","2012-09-17 00:00:00","RIB-",0,0.5
134,"0001-00802","2012-09-17 00:00:00","ROGY",0,0.5
134,"0001-00802","2012-09-17 00:00:00","GOOB",0,1
134,"0001-00802","2012-09-17 00:00:00","ADBI",0,0
134,"0001-00802","2012-09-17 00:00:00","PYPI",0,0
135,"0001-00803","2012-09-17 00:00:00","DRSY",0,0.5
135,"0001-00803","2012-09-17 00:00:00","POAZ",0,1
135,"0001-00803","2012-09-17 00:00:00","FRVI",0,0.5
135,"0001-00803","2012-09-17 00:00:00","RIRO",0,1
135,"0001-00803","2012-09-17 00:00:00","ASTZ",5,2
135,"0001-00803","2012-09-17 00:00:00","GAL-",0,0.5
135,"0001-00803","2012-09-17 00:00:00","ROS-",0,0.5
135,"0001-00803","2012-09-17 00:00:00","QUCH",5,3.5
136,"0001-00804","2012-09-17 00:00:00","FRVI",20,0
136,"0001-00804","2012-09-17 00:00:00","ADBI",5,0.5
136,"0001-00804","2012-09-17 00:00:00","POAZ",5,0
136,"0001-00804","2012-09-17 00:00:00","CEIN",0,2
136,"0001-00804","2012-09-17 00:00:00","RIRO",0,2.5
136,"0001-00804","2012-09-17 00:00:00","COCO",5,2.5
136,"0001-00804","2012-09-17 00:00:00","GAL-",0,0.5
136,"0001-00804","2012-09-17 00:00:00","GOOB",0,0.5
136,"0001-00804","2012-09-17 00:00:00","ASA-",0,0.5
136,"0001-00804","2012-09-17 00:00:00","QUCH",0,1.5
136,"0001-00804","2012-09-17 00:00:00","ARVI",0,3.5
136,"0001-00804","2012-09-17 00:00:00","DRA-",0,0.5
136,"0001-00804","2012-09-17 00:00:00","ROS-",0,0.5
136,"0001-00804","2012-09-17 00:00:00","MIM-",0,1.5
136,"0001-00804","2012-09-17 00:00:00","LAMZ",0,1
136,"0001-00804","2012-09-17 00:00:00","EQU-",0,2
137,"0001-00805","2012-09-16 00:00:00","ADBI",0,0
137,"0001-00805","2012-09-16 00:00:00","GAL-",0,0.5
137,"0001-00805","2012-09-16 00:00:00","VIGL",0,0
137,"0001-00805","2012-09-16 00:00:00","QUCH",5,8
137,"0001-00805","2012-09-16 00:00:00","CHCH",0,1.5
137,"0001-00805","2012-09-16 00:00:00","GOOB",0,0
137,"0001-00805","2012-09-16 00:00:00","GING",0,0
137,"0001-00805","2012-09-16 00:00:00","VIO-",0,0
137,"0001-00805","2012-09-16 00:00:00","POAZ",0,0.5
137,"0001-00805","2012-09-16 00:00:00","FRVI",0,0
137,"0001-00805","2012-09-16 00:00:00","PTAQ",0,1.5
137,"0001-00805","2012-09-16 00:00:00","RIRO",0,3
137,"0001-00805","2012-09-16 00:00:00","ASTZ",0,1
137,"0001-00805","2012-09-16 00:00:00","AQU-",0,0.5
138,"0001-00806","2012-09-16 00:00:00","GAL-",0,0.5
138,"0001-00806","2012-09-16 00:00:00","GOOB",0,0
138,"0001-00806","2012-09-16 00:00:00","SMI-",0,1
138,"0001-00806","2012-09-16 00:00:00","RIRO",0,0.5
138,"0001-00806","2012-09-16 00:00:00","QUCH",0,3
138,"0001-00806","2012-09-16 00:00:00","FRVI",0,0.5
138,"0001-00806","2012-09-16 00:00:00","DRA-",0,0.5
138,"0001-00806","2012-09-16 00:00:00","ADBI",0,0
139,"0001-00807","2012-09-15 00:00:00","COCO",20,8
139,"0001-00807","2012-09-15 00:00:00","DRSY",10,0.5
139,"0001-00807","2012-09-15 00:00:00","PTAQ",5,1
139,"0001-00807","2012-09-15 00:00:00","RIRO",0,2
139,"0001-00807","2012-09-15 00:00:00","ROS-",0,1.5
139,"0001-00807","2012-09-15 00:00:00","GAL-",0,0.5
139,"0001-00807","2012-09-15 00:00:00","EQUZ",0,1.5
139,"0001-00807","2012-09-15 00:00:00","RUB-",0,3
139,"0001-00807","2012-09-15 00:00:00","ASH-",0,0.5
139,"0001-00807","2012-09-15 00:00:00","ADBI",0,0.5
139,"0001-00807","2012-09-15 00:00:00","SYMO",0,0.5
139,"0001-00807","2012-09-15 00:00:00","DIHO",0,2
139,"0001-00807","2012-09-15 00:00:00","LIWA",0,4
139,"0001-00807","2012-09-15 00:00:00","SMI-",0,1.5
139,"0001-00807","2012-09-15 00:00:00","FRVI",0,0
139,"0001-00807","2012-09-15 00:00:00","AQU-",0,1.5
139,"0001-00807","2012-09-15 00:00:00","GOOB",0,0
140,"0001-00808","2012-09-15 00:00:00","DIHO",5,1
140,"0001-00808","2012-09-15 00:00:00","DRA-",5,0.5
140,"0001-00808","2012-09-15 00:00:00","COCO",5,3
140,"0001-00808","2012-09-15 00:00:00","GAL-",0,0.5
140,"0001-00808","2012-09-15 00:00:00","RIRO",0,0.5
140,"0001-00808","2012-09-15 00:00:00","SMI-",0,0.5
140,"0001-00808","2012-09-15 00:00:00","GOOB",0,0
140,"0001-00808","2012-09-15 00:00:00","PTAQ",0,0.5
140,"0001-00808","2012-09-15 00:00:00","RUPA",0,1
140,"0001-00808","2012-09-15 00:00:00","GINGER",0,0
140,"0001-00808","2012-09-15 00:00:00","POAZ",0,1
140,"0001-00808","2012-09-15 00:00:00","QUE-",0,2.5
141,"0001-00809","2012-06-05 00:00:00","GAL-",0,0.5
141,"0001-00809","2012-06-05 00:00:00","VILO",0,0.5
141,"0001-00809","2012-06-05 00:00:00","SMI-",0,1
141,"0001-00809","2012-06-05 00:00:00","DRA-",0,0
141,"0001-00809","2012-06-05 00:00:00","DIHO",0,1
141,"0001-00809","2012-06-05 00:00:00","ASHA",0,0.5
141,"0001-00809","2012-06-05 00:00:00","RIRO",0,1
141,"0001-00809","2012-06-05 00:00:00","GOOB",0,0
141,"0001-00809","2012-06-05 00:00:00","SYMO",0,0.5
141,"0001-00809","2012-06-05 00:00:00","POAZ",0,1.5
141,"0001-00809","2012-06-05 00:00:00","MOPE",0,0.5
141,"0001-00809","2012-06-05 00:00:00","ASTZ",0,0
141,"0001-00809","2012-06-05 00:00:00","ROS-",0,0.5
141,"0001-00809","2012-06-05 00:00:00","UFO1",0,0.5
141,"0001-00809","2012-06-05 00:00:00","UFO2",0,0.5
142,"0001-00810","2012-06-05 00:00:00","GAL-",0,1
142,"0001-00810","2012-06-05 00:00:00","UFO3",0,0.5
142,"0001-00810","2012-06-05 00:00:00","RIB-",0,0.5
142,"0001-00810","2012-06-05 00:00:00","ATFI",0,0.5
142,"0001-00810","2012-06-05 00:00:00","SMRA",0,1
143,"0001-00901","2012-09-18 00:00:00","ADBI",0,0.5
143,"0001-00901","2012-09-18 00:00:00","ASA-",0,0.5
143,"0001-00901","2012-09-18 00:00:00","GAL-",0,1
143,"0001-00901","2012-09-18 00:00:00","ROS-",0,1.5
143,"0001-00901","2012-09-18 00:00:00","QUCH",0,3
143,"0001-00901","2012-09-18 00:00:00","COCO",5,7
143,"0001-00901","2012-09-18 00:00:00","DIHO",0,0.5
143,"0001-00901","2012-09-18 00:00:00","RIRO",0,3
143,"0001-00901","2012-09-18 00:00:00","DRSY",0,0.5
143,"0001-00901","2012-09-18 00:00:00","RIB-",0,3.5
143,"0001-00901","2012-09-18 00:00:00","RUB-",0,2
143,"0001-00901","2012-09-18 00:00:00","GOOB",0,0.5
144,"0001-00902","2012-09-18 00:00:00","POAZ",5,1
144,"0001-00902","2012-09-18 00:00:00","RIB-",0,1
144,"0001-00902","2012-09-18 00:00:00","ASTZ",0,1
144,"0001-00902","2012-09-18 00:00:00","QUCH",4,0
144,"0001-00902","2012-09-18 00:00:00","DRA-",0,0.5
144,"0001-00902","2012-09-18 00:00:00","GAL-",0,0.5
144,"0001-00902","2012-09-18 00:00:00","CEIN",0,2
144,"0001-00902","2012-09-18 00:00:00","ARVI",0,0.5
145,"0001-00903","2012-09-17 00:00:00","GOOB",0,0
145,"0001-00903","2012-09-17 00:00:00","GAL-",0,0.5
145,"0001-00903","2012-09-17 00:00:00","ASTZ",0,0
145,"0001-00903","2012-09-17 00:00:00","DRA-",0,0
145,"0001-00903","2012-09-17 00:00:00","POAZ",0,1
145,"0001-00903","2012-09-17 00:00:00","QUCR",0,4
146,"0001-00904","2012-09-16 00:00:00","ASHA",0,0.5
146,"0001-00904","2012-09-16 00:00:00","ROS-",2,0.5
146,"0001-00904","2012-09-16 00:00:00","ASTZ",0,0.5
146,"0001-00904","2012-09-16 00:00:00","GAL-",0,1
146,"0001-00904","2012-09-16 00:00:00","POAZ",0,1
146,"0001-00904","2012-09-16 00:00:00","FRVI",0,0.5
146,"0001-00904","2012-09-16 00:00:00","DIHO",0,1
146,"0001-00904","2012-09-16 00:00:00","DRA-",0,0.5
146,"0001-00904","2012-09-16 00:00:00","OSM-",0,1
146,"0001-00904","2012-09-16 00:00:00","COCO",0,4
146,"0001-00904","2012-09-16 00:00:00","CEIN",0,4
146,"0001-00904","2012-09-16 00:00:00","PTAN",1,3
147,"0001-00905","2012-09-16 00:00:00","ASTZ",0,2
147,"0001-00905","2012-09-16 00:00:00","DIHO",0,0.5
147,"0001-00905","2012-09-16 00:00:00","GAL-",0,0.5
147,"0001-00905","2012-09-16 00:00:00","ASHA",0,0.5
147,"0001-00905","2012-09-16 00:00:00","QUCR",0,4
147,"0001-00905","2012-09-16 00:00:00","RIRO",0,1
147,"0001-00905","2012-09-16 00:00:00","DRA-",0,0.5
148,"0001-00906","2012-09-16 00:00:00","COCO",5,4
148,"0001-00906","2012-09-16 00:00:00","QUCH",5,6
148,"0001-00906","2012-09-16 00:00:00","CONU",5,6
148,"0001-00906","2012-09-16 00:00:00","PTAQ",0,2
148,"0001-00906","2012-09-16 00:00:00","DIHO",0,2
148,"0001-00906","2012-09-16 00:00:00","RIB-",0,1.5
148,"0001-00906","2012-09-16 00:00:00","GOOB",0,0.5
148,"0001-00906","2012-09-16 00:00:00","DRA-",0,0.5
148,"0001-00906","2012-09-16 00:00:00","GAL-",0,0.5
148,"0001-00906","2012-09-16 00:00:00","POAZ",0,1
148,"0001-00906","2012-09-16 00:00:00","SMI-",0,0.5
148,"0001-00906","2012-09-16 00:00:00","ADBI",0,0.5
148,"0001-00906","2012-09-16 00:00:00","CHFO",0,0.5
149,"0001-00907","2012-09-15 00:00:00","RIB-",0,2
149,"0001-00907","2012-09-15 00:00:00","GAL-",0,0.5
149,"0001-00907","2012-09-15 00:00:00","DRA-",0,0.5
149,"0001-00907","2012-09-15 00:00:00","PTAQ",0,1
149,"0001-00907","2012-09-15 00:00:00","GOOB",0,0.5
149,"0001-00907","2012-09-15 00:00:00","ASTZ",0,1.5
149,"0001-00907","2012-09-15 00:00:00","COCO",0,3
149,"0001-00907","2012-09-15 00:00:00","QUCH",0,3.5
149,"0001-00907","2012-09-15 00:00:00","POAZ",0,1
149,"0001-00907","2012-09-15 00:00:00",".",0,0
150,"0001-00908","2012-06-04 00:00:00","SMRA",0,1
150,"0001-00908","2012-06-04 00:00:00","ASHA",0,0.5
150,"0001-00908","2012-06-04 00:00:00","GAL-",5,0.5
150,"0001-00908","2012-06-04 00:00:00","GOOB",0,0
150,"0001-00908","2012-06-04 00:00:00","VILO",0,0.5
150,"0001-00908","2012-06-04 00:00:00","RIB-",0,1
150,"0001-00908","2012-06-04 00:00:00","ADBI",0,0.5
150,"0001-00908","2012-06-04 00:00:00","DIHO",0,1
151,"0001-00909","2012-06-04 00:00:00","GAL-",0,0.5
151,"0001-00909","2012-06-04 00:00:00","DIHO",0,0.5
151,"0001-00909","2012-06-04 00:00:00","RIB-",0,1.5
151,"0001-00909","2012-06-04 00:00:00","GOOB",0,0
151,"0001-00909","2012-06-04 00:00:00","ROS-",0,0.5
151,"0001-00909","2012-06-04 00:00:00","ALM-",0,0.5
151,"0001-00909","2012-06-04 00:00:00","ASTZ",0,0.5
151,"0001-00909","2012-06-04 00:00:00","DRA-",0,0.5
151,"0001-00909","2012-06-04 00:00:00","VIL-",0,1
151,"0001-00909","2012-06-04 00:00:00","ADBI",0,0.5
152,"0001-00910","2012-06-05 00:00:00","DIHO",0,1
152,"0001-00910","2012-06-05 00:00:00","ASHA",0,0.5
152,"0001-00910","2012-06-05 00:00:00","GAL-",0,0.5
152,"0001-00910","2012-06-05 00:00:00","RIB-",0,1
152,"0001-00910","2012-06-05 00:00:00","VILO",0,0.5
152,"0001-00910","2012-06-05 00:00:00","ASTZ",0,0.5
152,"0001-00910","2012-06-05 00:00:00","SMI-",0,1
152,"0001-00910","2012-06-05 00:00:00","GOOB",0,0
152,"0001-00910","2012-06-05 00:00:00","DRA-",0,0
153,"0001-01002","2012-09-18 00:00:00","POAZ",0,1
153,"0001-01002","2012-09-18 00:00:00","GAL-",0,0.5
153,"0001-01002","2012-09-18 00:00:00","DRA-",0,0.5
153,"0001-01002","2012-09-18 00:00:00","ARPA",0,0.5
153,"0001-01002","2012-09-18 00:00:00","QUCR",0,0.5
154,"0001-01003","2012-09-17 00:00:00","GAL-",0,0.5
154,"0001-01003","2012-09-17 00:00:00","ROS-",0,0.5
154,"0001-01003","2012-09-17 00:00:00","GOOB",0,0.5
154,"0001-01003","2012-09-17 00:00:00","ASHA",0,0.5
154,"0001-01003","2012-09-17 00:00:00","CON-",0,0.5
154,"0001-01003","2012-09-17 00:00:00","RIB-",0,1
154,"0001-01003","2012-09-17 00:00:00","DRA-",1,0.5
154,"0001-01003","2012-09-17 00:00:00","FRVI",0,0.5
155,"0001-01004","2012-09-17 00:00:00","FRVI",0,0.5
155,"0001-01004","2012-09-17 00:00:00","SMI-",0,0.5
155,"0001-01004","2012-09-17 00:00:00","CEIN",0,2
155,"0001-01004","2012-09-17 00:00:00","GAL-",0,0.5
155,"0001-01004","2012-09-17 00:00:00","GOOB",0,0
155,"0001-01004","2012-09-17 00:00:00","DIHO",0,0.5
155,"0001-01004","2012-09-17 00:00:00","CONU",0,0.5
155,"0001-01004","2012-09-17 00:00:00","DRA-",0,0.5
155,"0001-01004","2012-09-17 00:00:00","RIRO",0,0
155,"0001-01004","2012-09-17 00:00:00","VILO",0,0.5
156,"0001-01005","2012-09-16 00:00:00","ASTZ",0,2
156,"0001-01005","2012-09-16 00:00:00","DRA",5,0.5
156,"0001-01005","2012-09-16 00:00:00","RIRO",0,0.5
156,"0001-01005","2012-09-16 00:00:00","DIHO",0,1
156,"0001-01005","2012-09-16 00:00:00","ASHA",0,0.5
156,"0001-01005","2012-09-16 00:00:00","POT",0,0.5
156,"0001-01005","2012-09-16 00:00:00","ROS-",0,0.5
156,"0001-01005","2012-09-16 00:00:00","GOOB",0,0
156,"0001-01005","2012-09-16 00:00:00","GAL-",0,0.5
156,"0001-01005","2012-09-16 00:00:00","POAZ",0,1
156,"0001-01005","2012-09-16 00:00:00","AQU-",0,1
157,"0001-01006","2012-06-06 00:00:00","DIHO",5,0.5
157,"0001-01006","2012-06-06 00:00:00","AST-",0,0
157,"0001-01006","2012-06-06 00:00:00","RULE",0,0.5
157,"0001-01006","2012-06-06 00:00:00","VILO",0,0
157,"0001-01006","2012-06-06 00:00:00","ROGY",0,0.5
157,"0001-01006","2012-06-06 00:00:00","GAL-",0,0.5
157,"0001-01006","2012-06-06 00:00:00","GOOB",0,0.5
157,"0001-01006","2012-06-06 00:00:00","ASHA",0,0.5
157,"0001-01006","2012-06-06 00:00:00","SYMO",0,0.5
158,"0001-01007","2012-06-06 00:00:00","LUP-",0,0.5
158,"0001-01007","2012-06-06 00:00:00","POA-",0,1
158,"0001-01007","2012-06-06 00:00:00","DRA-",0,0
158,"0001-01007","2012-06-06 00:00:00","GOOB",0,0
159,"0001-01008","2012-06-07 00:00:00","VIO-",40,0.5
159,"0001-01008","2012-06-07 00:00:00","ADBI",10,0.5
159,"0001-01008","2012-06-07 00:00:00","ASHA",0,0.5
159,"0001-01008","2012-06-07 00:00:00","RIRO",0,1
159,"0001-01008","2012-06-07 00:00:00","VILO",0,0.5
159,"0001-01008","2012-06-07 00:00:00","GAL-",0,0.5
159,"0001-01008","2012-06-07 00:00:00","RINE",0,1.5
159,"0001-01008","2012-06-07 00:00:00","FRA-",0,0
159,"0001-01008","2012-06-07 00:00:00","PTAQ",0,1
159,"0001-01008","2012-06-07 00:00:00","DRA-",0,0
159,"0001-01008","2012-06-07 00:00:00","GOOB",0,0
159,"0001-01008","2012-06-07 00:00:00","POAZ",0,1
159,"0001-01008","2012-06-07 00:00:00","SYMO",0,1
160,"0001-01009","2012-06-06 00:00:00","ASHA",5,0.5
160,"0001-01009","2012-06-06 00:00:00","DIHO",0,0.5
160,"0001-01009","2012-06-06 00:00:00","ADBI",0,0.5
160,"0001-01009","2012-06-06 00:00:00","ROS-",0,0.5
160,"0001-01009","2012-06-06 00:00:00","GAL-",0,0.5
160,"0001-01009","2012-06-06 00:00:00","SMRA",0,1
160,"0001-01009","2012-06-06 00:00:00","VILO",0,0.5
160,"0001-01009","2012-06-06 00:00:00","DRA-",0,0
160,"0001-01009","2012-06-06 00:00:00","ASTZ",0,0.5
160,"0001-01009","2012-06-06 00:00:00","GOOB",0,0
160,"0001-01009","2012-06-06 00:00:00","RIB-",0,1.5
161,"0001-01010","2012-06-06 00:00:00","GAL-",0,0.5
161,"0001-01010","2012-06-06 00:00:00","UFO1",15,0.5
161,"0001-01010","2012-06-06 00:00:00","DIHO",0,1
161,"0001-01010","2012-06-06 00:00:00","ASHA",0,1
161,"0001-01010","2012-06-06 00:00:00","VILO",0,0.5
161,"0001-01010","2012-06-06 00:00:00","RIRO",0,1
161,"0001-01010","2012-06-06 00:00:00","ADBI",0,0.5
161,"0001-01010","2012-06-06 00:00:00","CHCH",5,5
162,"0001-01102","2012-09-18 00:00:00","RIB-",0,1
162,"0001-01102","2012-09-18 00:00:00","QUCH",0,1
162,"0001-01102","2012-09-18 00:00:00","GAL-",0,0.5
162,"0001-01102","2012-09-18 00:00:00","DIHO",0,0.5
162,"0001-01102","2012-09-18 00:00:00","GOOB",0,0.5
162,"0001-01102","2012-09-18 00:00:00","ASTZ",0,0.5
162,"0001-01102","2012-09-18 00:00:00","DRA-",0,0.5
162,"0001-01102","2012-09-18 00:00:00","POAZ",0,1
163,"0001-01104","2012-06-06 00:00:00","RULE",5,0.5
163,"0001-01104","2012-06-06 00:00:00","ASHA",5,0.5
163,"0001-01104","2012-06-06 00:00:00","DIHO",5,1
163,"0001-01104","2012-06-06 00:00:00","VILO",0,0
163,"0001-01104","2012-06-06 00:00:00","RIRO",5,1
163,"0001-01104","2012-06-06 00:00:00","ADBI",0,0.5
163,"0001-01104","2012-06-06 00:00:00","SYMO",0,0.5
163,"0001-01104","2012-06-06 00:00:00","UFO1",0,0
163,"0001-01104","2012-06-06 00:00:00","DRA-",0,0
164,"0001-01204","2012-06-05 00:00:00","ASHA",5,0.5
164,"0001-01204","2012-06-05 00:00:00","DIHO",5,1
164,"0001-01204","2012-06-05 00:00:00","RIRO",0,1.5
164,"0001-01204","2012-06-05 00:00:00","GAL-",0,0.5
164,"0001-01204","2012-06-05 00:00:00","DRA-",0,0
164,"0001-01204","2012-06-05 00:00:00","SMI-",0,0.5
164,"0001-01204","2012-06-05 00:00:00","VILO",0,1
165,"0001-01302","2012-06-05 00:00:00","DRA-",5,0
165,"0001-01302","2012-06-05 00:00:00","GAL-",5,1
165,"0001-01302","2012-06-05 00:00:00","ASHA",0,0.5
165,"0001-01302","2012-06-05 00:00:00","SMI-",0,1
165,"0001-01302","2012-06-05 00:00:00","RIRO",0,2
165,"0001-01302","2012-06-05 00:00:00","DIHO",0,2
165,"0001-01302","2012-06-05 00:00:00","ASHA",0,1
165,"0001-01302","2012-06-05 00:00:00","PTAN",0,0.5
165,"0001-01302","2012-06-05 00:00:00","PYPI",0,0
165,"0001-01302","2012-06-05 00:00:00","VILO",0,0.5
166,"0001-00305","2013-06-22 00:00:00","RIRO",0,1
166,"0001-00305","2013-06-22 00:00:00","POAZ",80,1
166,"0001-00305","2013-06-22 00:00:00","LUP-",0,0.5
166,"0001-00305","2013-06-22 00:00:00","ARVI",0,2
167,"0001-00607","2013-06-22 00:00:00","RIRO",5,6
167,"0001-00607","2013-06-22 00:00:00","POAZ",0,30
167,"0001-00607","2013-06-22 00:00:00","ARVI",6,0
167,"0001-00607","2013-06-22 00:00:00","CEIN",4,0
167,"0001-00607","2013-06-22 00:00:00","MINT-",0,0.5
168,"0001-01001","2012-09-18 00:00:00","DRA-",5,0
168,"0001-01001","2012-09-18 00:00:00","VILO",0,0
168,"0001-01001","2012-09-18 00:00:00","RIRO",0,1
168,"0001-01001","2012-09-18 00:00:00","GAL-",0,0.5
168,"0001-01001","2012-09-18 00:00:00","QUCH",0,3.5
168,"0001-01001","2012-09-18 00:00:00","DIHO",0,0.5
168,"0001-01001","2012-09-18 00:00:00","GOOB",0,0.5
168,"0001-01001","2012-09-18 00:00:00","ADBI",0,0
168,"0001-01001","2012-09-18 00:00:00","RUB-",0,0.5
168,"0001-01001","2012-09-18 00:00:00","COCO",0,3
168,"0001-01001","2012-09-18 00:00:00","ROGY",0,0.5
168,"0001-01001","2012-09-18 00:00:00","PYPI",0,0
168,"0001-01001","2012-09-18 00:00:00","FRVI",0,0
168,"0001-01001","2012-09-18 00:00:00","ASTZ",0,2
169,"0001-01101","2013-06-21 00:00:00","ROS-",15,0.5
169,"0001-01101","2013-06-21 00:00:00","RIRO",0,0.5
169,"0001-01101","2013-06-21 00:00:00","GAL-",5,0.5
169,"0001-01101","2013-06-21 00:00:00","FRA-",0,0.5
169,"0001-01101","2013-06-21 00:00:00","ADBI",0,0.5
169,"0001-01101","2013-06-21 00:00:00","GOOB",0,0.5
170,"0001-01103","2013-06-21 00:00:00","UFO1",5,0
170,"0001-01103","2013-06-21 00:00:00","GAL-",0,0.5
170,"0001-01103","2013-06-21 00:00:00","RIRO",0,0.5
170,"0001-01103","2013-06-21 00:00:00","ASHA",0,0.5
170,"0001-01103","2013-06-21 00:00:00","CONU",0,1
170,"0001-01103","2013-06-21 00:00:00","POAZ",0,2
170,"0001-01103","2013-06-21 00:00:00","DIHO",0,0.5
171,"0001-01201","2013-07-20 00:00:00","POAC",5,0.5
171,"0001-01201","2013-07-20 00:00:00","FRA-",10,0
171,"0001-01201","2013-07-20 00:00:00","ADBI",5,0.5
171,"0001-01201","2013-07-20 00:00:00","UFO",80,0
171,"0001-01201","2013-07-20 00:00:00","ROS",0,1
172,"0001-01202","2013-06-20 00:00:00","GAL-",15,0.5
172,"0001-01202","2013-06-20 00:00:00","COR-",0,1
172,"0001-01202","2013-06-20 00:00:00","GOOB",0,0.5
172,"0001-01202","2013-06-20 00:00:00","SMRA",0,0
172,"0001-01202","2013-06-20 00:00:00","ASHA",0,0
172,"0001-01202","2013-06-20 00:00:00","VIO-",0,0
172,"0001-01202","2013-06-20 00:00:00","RIRO",0,0.5
173,"0001-01203","2013-06-20 00:00:00","MINT?",10,0
173,"0001-01203","2013-06-20 00:00:00","POAZ",0,1
173,"0001-01203","2013-06-20 00:00:00","GAL-",0,1
173,"0001-01203","2013-06-20 00:00:00","VILO",0,0
173,"0001-01203","2013-06-20 00:00:00","GINGER",0,0.5
173,"0001-01203","2013-06-20 00:00:00","RIRO",5,1
173,"0001-01203","2013-06-20 00:00:00","SMRA",0,0.5
174,"0001-01301","2013-06-20 00:00:00","COR-",0,1.5
174,"0001-01301","2013-06-20 00:00:00","GAL-",0,0.5
174,"0001-01301","2013-06-20 00:00:00","FRA-",0,0
174,"0001-01301","2013-06-20 00:00:00","DIHO",0,0.5
174,"0001-01301","2013-06-20 00:00:00","RIRO",0,1
174,"0001-01301","2013-06-20 00:00:00","CHCH",0,0.5
174,"0001-01301","2013-06-20 00:00:00","POAZ",0,1.5
174,"0001-01301","2013-06-20 00:00:00","IRIZ",0,0.5
180,"0001-01006","2013-06-22 00:00:00","RIRO",0,0
185,"0001-01204","2013-06-21 00:00:00","RIRO",0,1
186,"0001-01104","2013-07-21 00:00:00","ROS-",0,0.5
188,"0001-01303","2013-06-23 00:00:00","GAL-",0,0.5
188,"0001-01303","2013-06-23 00:00:00","DRSY",5,0.5
188,"0001-01303","2013-06-23 00:00:00","FRA-",0,1
188,"0001-01303","2013-06-23 00:00:00","HIAL",0,2
188,"0001-01303","2013-06-23 00:00:00","RIRO",0,1
188,"0001-01303","2013-06-23 00:00:00","VISH",0,0
188,"0001-01303","2013-06-23 00:00:00","CLA-",0,0.5
188,"0001-01303","2013-06-23 00:00:00","CAR-",0,1
195,"0001-00206","2015-07-12 00:00:00","CHFO",30,1
195,"0001-00206","2015-07-12 00:00:00","GAL-",5,1
195,"0001-00206","2015-07-12 00:00:00","POAZ",5,2
195,"0001-00206","2015-07-12 00:00:00","SMRA",0,0
196,"0001-00204","2015-06-12 00:00:00","POAZ",5,1
196,"0001-00204","2015-06-12 00:00:00","KEGA",0,1
196,"0001-00204","2015-06-12 00:00:00","RIRO",0,1
