"InvID","Plotid","Plotnum","InvYear","Invdate","Plotsize","Crew","Crew#","InvenType","TravelTime","TotalTime","Canopy","Pcomments"
79,"0001-00301",301,"2015","2015-09-13 00:00:00",0.100000001490116,"AT ZM",2,"N",0.300000011920929,0.699999988079071,12,""
80,"0001-00302",302,"2015","2015-09-13 00:00:00",0.100000001490116,"AT ZM",2,"N",0.200000002980232,0.5,12,""
81,"0001-00303",303,"2015","2015-09-13 00:00:00",0.100000001490116,"AT ZM",2,"N",0.300000011920929,0.75,12,"""STUMP WITNESS PP 48"""" AZ229 D11.8; NO PVC CETER IS A ROCK PAINTED ORANGE COULDN`T GET PVC IN"""
82,"0001-00304",304,"2015","2015-10-06 00:00:00",0.100000001490116,"AT ZM",2,"N",0.200000002980232,0.5,48,"CAME BACK TO GET NON TREE DATA AND SAW MISSED 4 TREES FIRST TIME"
83,"0001-00305",305,"2015","2015-10-06 00:00:00",0.100000001490116,"AT ZM",2,"N",0.300000011920929,0.300000011920929,8,"OFFSET 1 CHAIN WEST,WITNESS IC19.2 AZ180 D74.7,WITNESS IC15.5 AZ113 D63.3"
84,"0001-00307",307,"2015","2015-10-06 00:00:00",0.100000001490116,"ZM AT",2,"N",0.100000001490116,0.5,4,"""WITNESS STUMP WF AZ231 D1.7;WITNESS STUMP IC 17""""AZ91 D30.1"""
85,"0001-00309",309,"2015","2015-10-06 00:00:00",0.100000001490116,"AT ZM",2,"N",0.200000002980232,0.300000011920929,12,"WITNESS FIR STUMP32 AZ75 D33.8"
86,"0001-00310",310,"2015","2015-10-06 00:00:00",0.100000001490116,"ZM AT",2,"N",0.300000011920929,0.300000011920929,4,"""WITNESS STUMP BO26 AZ279 D17.2AND PP20"""" AZ156 D29.7; OFFPLOT WITNESS SNAG BO15.3"""" AZ206 D39.5"""
87,"0001-00312",312,"2015","2015-10-06 00:00:00",0.100000001490116,"AT ZM",2,"N",0.200000002980232,0.300000011920929,0,"""WITNESS STUMPS SP 39"""" AZ326 D17.7 AND SP 48"""" AZ65 D9.5"""
88,"0001-00313",313,"2015","2015-10-06 00:00:00",0.100000001490116,"AT ZM",2,"N",0.200000002980232,0.5,24,""
89,"0001-00314",314,"2015","2015-10-06 00:00:00",0.100000001490116,"AT ZM",2,"N",0.200000002980232,0.800000011920929,56,"OFFSET 1 CHAIN N"
90,"0001-00501",501,"2015","2015-09-13 00:00:00",0.100000001490116,"AT ZM",2,"N",0.200000002980232,0.300000011920929,4,"""WITNESS STUMP MC 24"""" AZ188 D17.4 WITNES STUMP MC17"""" AZ314 D10.2"""
91,"0001-00502",502,"2015","2015-09-13 00:00:00",0.100000001490116,"AT ZM",2,"N",0.200000002980232,0.300000011920929,0,"""WITNESSS STUMP MC 38""""AZ103 D6.3 WITNESS STUMP MC 26"""" AZ236 D15.0"""
92,"0001-00503",503,"2015","2015-09-13 00:00:00",0.100000001490116,"AT ZM",2,"N",0.200000002980232,0.400000005960464,0,"""WITNESS STUMP MC 31"""" AZ36 D3; WITNESS ROCK 5`X2.5` AZ194 D9.0"""
93,"0001-00505",505,"2015","2015-09-13 00:00:00",0.100000001490116,"AT ZM",2,"N",0.200000002980232,0.400000005960464,0,"ONLY COULD FIND 1 WITNESS SORRY"
94,"0001-00506",506,"2015","2015-09-13 00:00:00",0.100000001490116,"ZM AT",2,"N",0.100000001490116,0.300000011920929,0,"""WITNESS STUMP IC 25"""" AZ299 D16.0; ONLY TWO WITNESSES"""
95,"0001-00507",507,"2015","2015-09-13 00:00:00",0.100000001490116,"AT ZM",2,"N",0.5,0.5,4,"""WITNESS STUMP MC 40"""" AZ146 D14.1"""
96,"0001-00511",511,"2015","2015-10-07 00:00:00",0.100000001490116,"AT",1,"N",0.300000011920929,0.400000005960464,16,"""LOOKS LIKE SPI GRUOND DOUBLE CHECK POINT; WITNESS STUMP MC18"""" AZ D16.5"""
97,"0001-00512",512,"2015","2015-10-07 00:00:00",0.100000001490116,"AT",1,"N",0.200000002980232,1.5,28,"OFFSET 1 CHAIN SOUTH"
98,"0001-00513",513,"2015","2015-10-07 00:00:00",0.100000001490116,"AT",0,"N",0.200000002980232,1,36,""
99,"0001-00701",701,"2015","2015-09-12 00:00:00",0.100000001490116,"AT ZM",2,"N",0.600000023841858,0.400000005960464,0,"""STUMP WF 30"""" WITNESS AZ38 D19.8"""
100,"0001-00702",702,"2015","2015-09-12 00:00:00",0.100000001490116,"AT ZM",2,"N",0.200000002980232,0.75,20,""
101,"0001-00705",705,"2015","2015-09-12 00:00:00",0.100000001490116,"AT ZM",2,"N",0.200000002980232,0.200000002980232,0,"""OFFPLOT WITNESS WF STUMP 3'TALL 17""""DIAMETER AZ252 D42.1; WITNESS STUMP WF 24""""AZ163 D18.1"""
102,"0001-00706",706,"2015","2015-09-12 00:00:00",0.100000001490116,"AT ZM",2,"N",0.200000002980232,0.5,0,""
103,"0001-00901",901,"2015","2015-08-13 00:00:00",0.100000001490116,"AT PM",2,"N",0.100000001490116,0.300000011920929,0,"2` WITNESS ROCK AZ230 D26.9; BURN AREA"
104,"0001-00904",904,"2015","2015-08-13 00:00:00",0.100000001490116,"AT PM",2,"N",0.200000002980232,0.5,0,"BURN AREA"
105,"0001-00905",905,"2015","2015-08-12 00:00:00",0.100000001490116,"AT PM",2,"N",0.200000002980232,0.5,0,"""OFFPLOT WITNESS 34""""IC SNAG AZ33 D59.8 AND 16"""" IC SNAG AZ86 D58.9; BURN AREA"""
106,"0001-00906",906,"2015","2015-08-12 00:00:00",0.100000001490116,"AT PM",2,"N",0.200000002980232,0.75,4,""
107,"0001-00907",907,"2015","2015-08-12 00:00:00",0.100000001490116,"AT PM",2,"N",0.300000011920929,0.800000011920929,0,"BURN AREA"
108,"0001-00908",908,"2015","2015-08-12 00:00:00",0.100000001490116,"AT PM",2,"N",0.200000002980232,1,16,"BURN"
109,"0001-00909",909,"2015","2015-08-12 00:00:00",0.100000001490116,"AT PM",2,"N",0.400000005960464,9,44,""
110,"0001-00910",910,"2015","2015-08-12 00:00:00",0.100000001490116,"AT PM",2,"N",0.200000002980232,0.5,28,"ON ROCKY SLOPE ABOVE STREAM"
111,"0001-00911",911,"2015","2015-08-11 00:00:00",0.100000001490116,"AT PM",2,"N",0.200000002980232,0.75,28,""
112,"0001-00913",913,"2015","2015-08-11 00:00:00",0.100000001490116,"AT PM",2,"N",0.100000001490116,1.75,76,""
113,"0001-00912",912,"2015","2015-08-11 00:00:00",0.100000001490116,"AT PM",2,"N",0.200000002980232,1,52,""
114,"0001-00914",914,"2015","2015-08-11 00:00:00",0.100000001490116,"AT PM",2,"N",0.200000002980232,2,68,""
115,"0001-01101",1101,"2015","2015-08-13 00:00:00",0.100000001490116,"CS JM PM",3,"N",0.200000002980232,0.400000005960464,0,""
116,"0001-01102",1102,"2015","2015-08-13 00:00:00",0.100000001490116,"CS JM PM",3,"N",0.100000001490116,1,48,"OFF SITE WITNESS DBH 29.2 AZ42 D36.7"
117,"0001-01103",1103,"2015","2015-08-13 00:00:00",0.100000001490116,"CS JM",2,"N",0.200000002980232,1,36,"OFF SITE DBH13.2 WITNESS WF AZ282 D37.8"
118,"0001-01104",1104,"2015","2015-08-13 00:00:00",0.100000001490116,"AT PM",2,"N",0.100000001490116,0.600000023841858,8,"""OFFPLOT WITNESS 31.5"""" WF AZ47 D42.1 AND 16.7"""" IC AZ179 D63.9;BURN AREA"""
119,"0001-01105",1105,"2015","2015-08-13 00:00:00",0.100000001490116,"AT PM",2,"N",0.200000002980232,0.800000011920929,28,""
120,"0001-01106",1106,"2015","2015-08-13 00:00:00",0.100000001490116,"CS JM",2,"N",0.100000001490116,1,40,""
121,"0001-01107",1107,"2015","2015-08-13 00:00:00",0.100000001490116,"CS JM",2,"N",0.200000002980232,1.10000002384186,56,""
122,"0001-01108",1108,"2015","2015-08-13 00:00:00",0.100000001490116,"CS JM",2,"N",0.200000002980232,1.20000004768372,40,""
123,"0001-01110",1110,"2015","2015-08-12 00:00:00",0.100000001490116,"CS JM",2,"N",0.200000002980232,2.5,68,""
124,"0001-01111",1111,"2015","2015-08-12 00:00:00",0.100000001490116,"CS JM",2,"N",0.5,2,72,""
125,"0001-01112",1112,"2015","2015-08-12 00:00:00",0.100000001490116,"CS JM",2,"N",0.200000002980232,2.20000004768372,76,""
126,"0001-01114",1114,"2015","2015-08-11 00:00:00",0.100000001490116,"CS JM",2,"N",0.5,2.40000009536743,76,""
127,"0001-01301",1301,"2015","2015-08-03 00:00:00",0.100000001490116,"AT PM",2,"N",0.200000002980232,1.75,80,""
128,"0001-01302",1302,"2015","2015-08-04 00:00:00",0.100000001490116,"AT PM",2,"N",0.200000002980232,1,32,"OFF PLOT WITNESS WF 16.4 AZ38 D44.8 AND WF 21.7 AZ142 D39.6;PLOT OFFSET 1CHAIN E PLOT FELL ON BRIDGE OVER CANAL"
129,"0001-01303",1303,"2015","2015-08-05 00:00:00",0.100000001490116,"AT PM",2,"N",0.200000002980232,1,56,"OFFPLOT WITNESS WHITE FIR DBH25 AZ139 D36.8"
130,"0001-01304",1304,"2015","2015-08-04 00:00:00",0.100000001490116,"AT PM",2,"N",0.400000005960464,1,72,"OFFSET 1 CHAIN WEST OFF CANAL"
131,"0001-01305",1305,"2015","2015-08-04 00:00:00",0.100000001490116,"AT PM",2,"N",0.300000011920929,1.20000004768372,48,""
132,"0001-01306",1306,"2015","2015-08-04 00:00:00",0.100000001490116,"AT PM",2,"N",0.300000011920929,2.70000004768372,64,"OFFSET 1 CHAIN N OUT OF LANDING"
133,"0001-01307",1307,"2015","2015-08-05 00:00:00",0.100000001490116,"AT PM",2,"N",0.200000002980232,0.800000011920929,40,"TREES START FROM SOUTH"
134,"0001-01308",1308,"2015","2015-08-05 00:00:00",0.100000001490116,"AT PM",2,"N",0.200000002980232,0.75,28,""
135,"0001-01309",1309,"2015","2015-08-05 00:00:00",0.100000001490116,"AT PM",2,"N",0.200000002980232,0.75,8,"EDGE OF LARGE SKID TRAIL"
136,"0001-01310",1310,"2015","2015-08-05 00:00:00",0.100000001490116,"AT PM",2,"N",0.200000002980232,2,64,"PLOT IFFSET 1 CHAIN NORTH OFF OFF ROAD"
137,"0001-01311",1311,"2015","2015-08-06 00:00:00",0.100000001490116,"AT PM",2,"N",0.100000001490116,1.5,64,"NO. 31-40 ARE SCRATCHED ONTO TAGS"
138,"0001-01312",1312,"2015","2015-08-06 00:00:00",0.100000001490116,"AT PM",2,"N",0.100000001490116,2,72,"OFFSET 1 CHAIN EAST ORIGINAL PLOT ON CLIFF"
139,"0001-01313",1313,"2015","2015-08-06 00:00:00",0.100000001490116,"AT PM",2,"N",0.5,1.75,68,""
140,"0001-01314",1314,"2015","2015-08-10 00:00:00",0.100000001490116,"AT PM",2,"N",0.200000002980232,1.5,68,""
142,"0001-01502",1502,"2015","2015-08-03 00:00:00",0.100000001490116,"JM CS",2,"N",0.100000001490116,2.40000009536743,60,""
143,"0001-01503",1503,"2015","2015-08-04 00:00:00",0.100000001490116,"JM CS",2,"N",2,1,20,""
144,"0001-01504",1504,"2015","2015-08-04 00:00:00",0.100000001490116,"CS JM",2,"N",0.800000011920929,2,80,""
146,"0001-01506",1506,"2015","2015-08-05 00:00:00",0.100000001490116,"CS JM",2,"N",0.300000011920929,1.39999997615814,84,""
147,"0001-01507",1507,"2015","2015-08-05 00:00:00",0.100000001490116,"CS JM",2,"N",0.300000011920929,1.20000004768372,32,""
148,"0001-01508",1508,"2015","2015-08-05 00:00:00",0.100000001490116,"CS JM",2,"N",0.100000001490116,1.29999995231628,76,""
206,"0001-01505",1505,"2015","2015-08-04 00:00:00",0.100000001490116,"CS JM",2,"N",0.300000011920929,1.29999995231628,52,""
333,"0001-01109",1109,"2015","2015-08-12 00:00:00",0.100000001490116,"CS JM",2,"N",0.400000005960464,1.20000004768372,52,""
149,"0001-01509",1509,"2015","2015-08-05 00:00:00",0.100000001490116,"CS JM",2,"N",0.200000002980232,1.20000004768372,44,""
150,"0001-01510",1510,"2015","2015-08-06 00:00:00",0.100000001490116,"CS JM",2,"N",0.400000005960464,1.79999995231628,72,""
151,"0001-01511",1511,"2015","2015-08-06 00:00:00",0.100000001490116,"CS JM",2,"N",0.200000002980232,2.70000004768372,76,""
152,"0001-01512",1512,"2015","2015-08-06 00:00:00",0.100000001490116,"CS JM",2,"N",0.300000011920929,1.5,72,""
153,"0001-01513",1513,"2015","2015-08-10 00:00:00",0.100000001490116,"CS JM",2,"N",0.400000005960464,1.5,80,""
155,"0005-00610",610,"2015","2015-10-05 00:00:00",0.100000001490116,"AT ZM",2,"N",0.200000002980232,1.5,68,""
157,"0005-00510",510,"2015","2015-10-05 00:00:00",0.100000001490116,"AT ZM",2,"N",0.200000002980232,1.20000004768372,72,"JUST BELOW THP BOUNDARY"
158,"0005-00509",509,"2015","2015-09-29 00:00:00",0.100000001490116,"AT RY ZM",3,"N",0.200000002980232,0.449999988079071,52,""
159,"0005-00508",508,"2015","2015-09-24 00:00:00",0.100000001490116,"AT ZM",2,"N",0.200000002980232,1,4,""
160,"0005-00501",501,"2015","2015-09-20 00:00:00",0.100000001490116,"AT JY ZM",3,"N",0.200000002980232,0.5,48,""
161,"0005-00410",410,"2015","2015-10-05 00:00:00",0.100000001490116,"ZM AT",2,"N",0.100000001490116,1.60000002384186,68,""
162,"0005-00409",409,"2015","2015-09-24 00:00:00",0.100000001490116,"AT ZM",2,"N",0.5,1,68,""
163,"0005-00401",401,"2015","2015-09-20 00:00:00",0.100000001490116,"AT JY ZM",2,"N",0.200000002980232,0.699999988079071,40,""
164,"0005-00310",310,"2015","2015-10-05 00:00:00",0.100000001490116,"AT ZM",2,"N",0.5,1.20000004768372,52,"PLOT ON EDGE OF THP BOUNDARY"
165,"0005-00309",309,"2015","2015-09-23 00:00:00",0.100000001490116,"AT ZM",2,"N",0.200000002980232,0.699999988079071,36,""
166,"0005-00301",301,"2015","2015-09-20 00:00:00",0.100000001490116,"AT JY ZM",3,"N",0.200000002980232,0.400000005960464,16,"""OFFPLOT WITNESS 27.8"""" RF AZ211 D45.8 AND RF 35"""" AZ330 D48.9"""
167,"0005-00210",210,"2015","2015-10-01 00:00:00",0.100000001490116,"AT ZM RY",2,"N",0.200000002980232,0.5,52,""
168,"0005-00209",209,"2015","2015-09-23 00:00:00",0.100000001490116,"AT ZM",2,"N",0.200000002980232,1,56,"SKID TRAIL"
169,"0005-00208",208,"2015","2015-09-23 00:00:00",0.100000001490116,"AT ZM",2,"N",0.5,0.899999976158142,40,""
170,"0005-00201",201,"2015","2015-09-20 00:00:00",0.100000001490116,"AT JY ZM",2,"N",0.200000002980232,0.600000023841858,24,"""OFFPLOT WITNESS 36.5"""" RF AZ251 D74.8"""
171,"0005-00110",110,"2015","2015-10-01 00:00:00",0.100000001490116,"ZM AT RY",3,"N",0.200000002980232,1.5,76,"MARKED IN VICINITY"
172,"0005-00109",109,"2015","2015-09-23 00:00:00",0.100000001490116,"AT ZM",2,"N",0.300000011920929,1.20000004768372,44,""
173,"0005-00108",108,"2015","2015-09-23 00:00:00",0.100000001490116,"AT ZM",2,"N",0.100000001490116,1.29999995231628,48,""
174,"0005-00101",101,"2015","2015-09-20 00:00:00",0.100000001490116,"AT JY ZM",3,"N",0.200000002980232,0.600000023841858,42,"""OFFPLOT WITNESS 28.8"""" WF AZ311 D43.8; TREES MARKED IN VICINITY"""
175,"0005-00810",810,"2015","2015-09-30 00:00:00",0.100000001490116,"AT RY ZM",3,"N",0.200000002980232,0.800000011920929,52,""
176,"0005-00809",809,"2015","2015-09-29 00:00:00",0.100000001490116,"AT ZM RY",3,"N",0.200000002980232,1,68,"MOST IN ELZ"
177,"0005-00808",808,"2015","2015-09-29 00:00:00",0.100000001490116,"AT RY ZM",3,"N",0.200000002980232,0.5,60,""
178,"0005-00801",801,"2015","2015-09-21 00:00:00",0.100000001490116,"AT JM ZM",3,"N",0.200000002980232,1,68,"TREES MARKED IN VICINITY"
179,"0005-00710",710,"2015","2015-10-07 00:00:00",0.100000001490116,"JY ZM",2,"N",0.200000002980232,1.10000002384186,60,"SOME PP MAYBE JP"
180,"0005-00709",709,"2015","2015-09-28 00:00:00",0.100000001490116,"RY AT ZM",3,"N",0.200000002980232,0.600000023841858,60,""
181,"0005-00708",708,"2015","2015-09-29 00:00:00",0.100000001490116,"RY ZM AT",3,"N",0.100000001490116,0.800000011920929,64,""
182,"0005-00701",701,"2015","2015-09-20 00:00:00",0.100000001490116,"ZM AT JY",3,"N",0.100000001490116,2,56,""
183,"0005-01011",1011,"2015","2015-09-30 00:00:00",0.100000001490116,"AT ZM RY",3,"N",0.200000002980232,0.75,48,""
184,"0005-01010",1010,"2015","2015-09-30 00:00:00",0.100000001490116,"ZM AT RY",3,"N",0.100000001490116,1.10000002384186,64,"MARKED AREA IS ABOUT 3 CHAINS TO NORTH"
185,"0005-01009",1009,"2015","2015-09-30 00:00:00",0.100000001490116,"AT ZM RY",3,"N",0.200000002980232,0.5,44,""
186,"0005-01008",1008,"2015","2015-09-30 00:00:00",0.100000001490116,"AT ZM RY",3,"N",0.300000011920929,0.600000023841858,48,""
187,"0005-01002",1002,"2015","2015-09-22 00:00:00",0.100000001490116,"AT JY ZM",3,"N",0.100000001490116,0.600000023841858,44,""
188,"0005-01001",1001,"2015","2015-09-21 00:00:00",0.100000001490116,"AT ZM JY",3,"N",0.200000002980232,0.75,68,""
189,"0005-00911",911,"2015","2015-09-30 00:00:00",0.100000001490116,"AT RY ZM",3,"N",0.200000002980232,1.5,64,""
190,"0005-00910",910,"2015","2015-09-30 00:00:00",0.100000001490116,"AT ZM RY",3,"N",0.200000002980232,1,72,""
191,"0005-00909",909,"2015","2015-09-29 00:00:00",0.100000001490116,"AT ZM RY",3,"N",0.200000002980232,0.899999976158142,52,""
192,"0005-00908",908,"2015","2015-09-29 00:00:00",0.100000001490116,"AT RY ZM",3,"N",0.100000001490116,0.5,68,"UNSURE IF NON-TREE DATA CORRECT"
193,"0005-00902",902,"2015","2015-09-22 00:00:00",0.100000001490116,"AT JY ZM",3,"N",0.200000002980232,0.600000023841858,48,""
194,"0005-00901",901,"2015","2015-09-21 00:00:00",0.100000001490116,"AT JM ZM",3,"N",0.200000002980232,0.5,60,"TREES MARKED IN VICINITY"
195,"0005-01310",1310,"2015","2015-10-07 00:00:00",0.100000001490116,"ZM JY",2,"N",0.100000001490116,1,60,""
196,"0005-01309",1309,"2015","2015-09-22 00:00:00",0.100000001490116,"AT ZM",2,"N",0.200000002980232,0.75,32,""
197,"0005-01305",1305,"2015","2015-09-22 00:00:00",0.100000001490116,"AT JY ZM",3,"N",0.5,0.600000023841858,32,""
198,"0005-01302",1302,"2015","2015-09-21 00:00:00",0.100000001490116,"AT ZM JY",3,"N",0.200000002980232,0.75,72,""
208,"0007-01007",1007,"2015","2015-07-28 00:00:00",0.100000001490116,"AT RY",3,"N",0.200000002980232,1.20000004768372,36,""
332,"0001-01514",1514,"2015","2015-08-10 00:00:00",0.100000001490116,"CS JM",2,"N",0.200000002980232,2,76,""
281,"0005-00402",402,"2012","2012-08-06 00:00:00",0.100000001490116,"DF GW",2,"N",0.100000001490116,2.5,44,"WLPZ/ WITNESS AZ172 D34.7 SP25.5; FUEL IN 2015 AT JY"
282,"0005-00403",403,"2012","2012-07-11 00:00:00",0.100000001490116,"SF DF GW",3,"N",0.200000002980232,1.5,28,"WITNESS D49.0 AZ350- RF DBH27; FUEL 2015 AT JY"
283,"0005-00404",404,"2012","2012-07-11 00:00:00",0.100000001490116,"SF DF GW",3,"N",0.100000001490116,1.5,24,"WITNESS OFF PLOT DIST58.9 AZ250  WF DBH11.8; FUEL 2015 AT JY"
284,"0005-00406",406,"2012","2012-07-12 00:00:00",0.100000001490116,"DF GW",2,"N",0.300000011920929,2,32,"WITNESS WF 14.8 AZ280 D40.7; FUEL 2015 AT JY"
285,"0005-00407",407,"2012","2012-07-16 00:00:00",0.100000001490116,"DF KM",2,"N",0.200000002980232,1.5,36,"FUEL 2015 AT JY"
286,"0005-00408",408,"2012","2012-07-16 00:00:00",0.100000001490116,"KM DF",2,"N",0.200000002980232,2,60,"WITNESS AZ348 D36.9/ PP 33.5; FUEL 2015 AT JY"
287,"0005-00502",502,"2012","2012-08-01 00:00:00",0.100000001490116,"DF KM",2,"N",0.100000001490116,1.39999997615814,60,"FUEL 2015 AT ZM"
288,"0005-00503",503,"2012","2012-07-16 00:00:00",0.100000001490116,"AMGW",2,"N",0.200000002980232,1115,44,"2015 FUEL AT JY"
289,"0005-00504",504,"2012","2012-07-17 00:00:00",0.100000001490116,"AM GW",2,"N",0.100000001490116,2,40,"2015 FUEL AT JY"
290,"0005-00505",505,"2012","2012-07-17 00:00:00",0.100000001490116,"AM GW",2,"N",0.100000001490116,4,52,"2015 FUEL AT ZM"
291,"0005-00506",506,"2012","2012-07-18 00:00:00",0.100000001490116,"AM GW",2,"N",0.200000002980232,1.70000004768372,48,"WITNESS OFF PLOT-SPECIES SP DBH 45 AZM 130 D 36.3; 2015 FUEL AT JY"
292,"0005-00507",507,"2012","2012-07-18 00:00:00",0.100000001490116,"AM GW",2,"N",0.200000002980232,1235,44,"FUEL IN 2015 AT JY"
293,"0005-00702",702,"2012","2012-08-01 00:00:00",0.100000001490116,"DF KM",2,"N",0.100000001490116,0.699999988079071,44,"WITNESS RF DIAM25.2 AZ287 D37.7; TREES MARKED IN VICINITY; FUEL 2015 AT JY"
294,"0005-00703",703,"2012","2012-08-01 00:00:00",0.100000001490116,"KM DF",2,"N",0.200000002980232,3.5,80,"2015 FUEL AT JY"
295,"0005-00704",704,"2012","2012-07-19 00:00:00",0.100000001490116,"KM DF",2,"N",0.200000002980232,1.5,36,"OLD SKID TRAIL; 2015 FUEL AT JY"
296,"0005-00705",705,"2012","2012-07-19 00:00:00",0.100000001490116,"AM GW",2,"N",0.100000001490116,2.29999995231628,44,"2015 FUEL AT JY"
297,"0005-00706",706,"2012","2012-07-19 00:00:00",0.100000001490116,"KM DF",2,"N",0.200000002980232,3,68,"2015 FUEL AT JY"
298,"0005-00707",707,"2012","2012-07-19 00:00:00",0.100000001490116,"AM GW",2,"N",0.200000002980232,1.5,56,"2015 FUEL AT JY"
299,"0005-00802",802,"2012","2012-07-31 00:00:00",0.100000001490116,"KM GW",2,"N",0.100000001490116,1.10000002384186,48,"TREES MARKED IN VICINITY; FUEL 2015 AT ZM"
300,"0005-00803",803,"2012","2012-07-31 00:00:00",0.100000001490116,"GW KM",2,"N",0.100000001490116,1.70000004768372,44,"OFFPLOT WITNESS WF 10.4DBH D61.6 AZ248; FUEL IN 2015 AT ZM"
301,"0005-00804",804,"2012","2012-07-31 00:00:00",0.100000001490116,"KM GW",2,"N",0.100000001490116,1.79999995231628,60,"FUEL IN 2015 AT ZM"
302,"0005-00805",805,"2012","2012-07-23 00:00:00",0.100000001490116,"DF AM",2,"N",0.200000002980232,1.5,32,"FUEL IN 2015 AT ZM "
303,"0005-00806",806,"2015","2015-07-23 00:00:00",0.100000001490116,"DF AM",2,"N",0.100000001490116,1.29999995231628,44,"2015 FUEL AT ZM"
304,"0005-00807",807,"2012","2012-07-23 00:00:00",0.100000001490116,"DF AM",2,"N",0.100000001490116,1.5,32,"TREES MARKED IN VICINITY; FUEL 2015 AT ZM"
305,"0005-00903",903,"2012","2012-07-31 00:00:00",0.100000001490116,"KM GW",2,"N",0.100000001490116,0.899999976158142,32,"FUEL 2015 RY ZM"
306,"0005-00904",904,"2012","2012-07-26 00:00:00",0.100000001490116,"KM AM",2,"N",0.100000001490116,0.800000011920929,24,"WITNESS WF DBH16.8 AZ148 D56.4; FUEL 2015 RY ZM"
307,"0005-00905",905,"2012","2012-07-23 00:00:00",0.100000001490116,"KM AM",2,"N",0.200000002980232,3.5,80,"2015 FUEL"
308,"0005-00906",906,"2012","2012-07-24 00:00:00",0.100000001490116,"AM KM",2,"N",0.200000002980232,2.29999995231628,40,"OFFPLOT WITNESS SP DIAM 25.6 D 36.3 AZ 223; FUEL 2015 RY ZM"
309,"0005-00907",907,"2012","2012-07-24 00:00:00",0.100000001490116,"KM AM",2,"N",0.200000002980232,2.20000004768372,52,"2015 FUEL RY ZM"
310,"0005-01003",1003,"2012","2012-07-30 00:00:00",0.100000001490116,"GW KM",2,"N",0.200000002980232,1.10000002384186,8,"WITNESS RF DIAM25.3 AZ304 D56.1; WITNESS RF DIAM24.5 AZ23 D79.9; FUEL 2015 AT"
311,"0005-01004",1004,"2012","2012-07-30 00:00:00",0.100000001490116,"GW KM",2,"N",0.100000001490116,1.5,56,"FUEL 2015 AT JY"
312,"0005-01005",1005,"2012","2012-07-31 00:00:00",0.100000001490116,"KM GW",2,"N",0.100000001490116,1,52,"FUEL 2015 ZM JY"
313,"0005-01006",1006,"2012","2012-07-24 00:00:00",0.100000001490116,"DF AM",2,"N",0.100000001490116,2,56,"WITNESS SP DBH41.5 DIST51.2 AZ244; FUEL 2015 ZM RY"
314,"0005-01007",1007,"2015","2015-07-24 00:00:00",0.100000001490116,"DF AM",2,"N",0.100000001490116,1.60000002384186,52,"FUEL 2015 JY ZM"
315,"0005-01103",1103,"2012","2012-07-26 00:00:00",0.100000001490116,"KM AM",2,"N",0.100000001490116,2.20000004768372,72,"STEEL NAILS; FUEL 2015 AT ZM"
316,"0005-01104",1104,"2012","2012-07-26 00:00:00",0.100000001490116,"KM AM",2,"N",0.100000001490116,1,20,"WITNESS WF DBH18 D65 AZ28; 2015 FUEL AT ZM"
358,"0007-00707",707,"2015","2015-10-12 00:00:00",0.100000001490116,"RY JY",2,"N",1,2.20000004768372,60,""
359,"0005-00111",111,"2016","2016-07-18 00:00:00",0.100000001490116,"AT IM",2,"N",0.100000001490116,1.29999995231628,6,"ON SKID NO TREES MARKED IN AREA"
360,"0005-00112",112,"2016","2016-07-20 00:00:00",0.100000001490116,"AT IM",2,"N",0.100000001490116,1,64,""
361,"0005-00113",113,"2016","2016-07-18 00:00:00",0.100000001490116,"AT IM",2,"N",0.100000001490116,1,68,""
362,"0005-00211",211,"2016","2016-07-19 00:00:00",0.100000001490116,"AT IM",2,"N",0.100000001490116,1.5,60,"""POTENTIAL SEASONAL CREEK THROUGH PLOT, 30FT FUEL ON 223IN CHANNEL"""
363,"0005-00212",212,"2016","2016-07-19 00:00:00",0.100000001490116,"AT IM",2,"N",0.300000011920929,1.29999995231628,48,""
364,"0005-00213",213,"2016","2016-07-18 00:00:00",0.100000001490116,"AT IM",2,"N",0.200000002980232,1,48,""
366,"0005-00312",312,"2016","2016-07-19 00:00:00",0.100000001490116,"AT IM",2,"N",0.100000001490116,1.20000004768372,56,""
367,"0005-00313",313,"2016","2016-07-19 00:00:00",0.100000001490116,"AT IM",2,"N",0.100000001490116,1.5,64,""
368,"0005-00411",411,"2016","2016-07-20 00:00:00",0.100000001490116,"AB ZM",2,"N",0.200000002980232,1,50,""
369,"0005-00412",412,"2016","2016-07-20 00:00:00",0.100000001490116,"AB ZM",2,"N",0.200000002980232,215,60,"PLOT IN LANDING OFFSET 1 CHAIN E"
370,"0005-00511",511,"2016","2016-07-20 00:00:00",0.100000001490116,"AB ZM",2,"N",0.200000002980232,1,52,""
371,"0005-00512",512,"2016","2016-07-20 00:00:00",0.100000001490116,"ZM AB",2,"N",0.100000001490116,1.20000004768372,60,""
372,"0005-00513",513,"2016","2016-07-20 00:00:00",0.100000001490116,"AB ZM",2,"N",0.200000002980232,1,40,""
373,"0005-00611",611,"2016","2016-07-19 00:00:00",0.100000001490116,"ZM AB",2,"N",0.100000001490116,2,68,""
374,"0005-00613",613,"2016","2016-07-19 00:00:00",0.100000001490116,"AB ZM",2,"N",0.200000002980232,1.5,40,""
375,"0005-00711",711,"2016","2016-07-18 00:00:00",0.100000001490116,"ZM AB",2,"N",0.5,1.5,60,""
376,"0005-00712",712,"2016","2016-07-18 00:00:00",0.100000001490116,"AB ZM",2,"N",0.5,2,44,"OFF SET 1 CHAIN SOUTH DUE TO ROAD"
377,"0005-00811",811,"2016","2016-07-14 00:00:00",0.100000001490116,"KB EK IM",3,"N",0.100000001490116,1.5,72,"NO MARKED TREES"
378,"0005-00812",812,"2016","2016-07-13 00:00:00",0.100000001490116,"KB IM EK",3,"N",0.100000001490116,0.699999988079071,36,"OFF-PLOT WITNESS IC DBH13.9 AZ330 D46.5; NO MARKED TREES"
379,"0005-00813",813,"2016","2016-07-13 00:00:00",0.100000001490116,"KB EK IM",3,"N",0.100000001490116,1.29999995231628,64,"NO MARKED TREES"
380,"0005-00912",912,"2016","2016-07-13 00:00:00",0.100000001490116,"KB IM EK",3,"N",0.200000002980232,1.29999995231628,52,"NO MARKED TREES"
381,"0005-00913",913,"2016","2016-07-13 00:00:00",0.100000001490116,"KB IM EK",3,"N",0.100000001490116,0.699999988079071,48,"NO MARKED TREES; NO REGENERATION; NO TREE 11"
382,"0005-01012",1012,"2016","2016-07-13 00:00:00",0.100000001490116,"RY EK",2,"N",0.100000001490116,1.60000002384186,72,"NO MARKED TREES; NO TREES 2 OR 11"
383,"0005-01013",1013,"2016","2016-07-13 00:00:00",0.100000001490116,"RY EK",2,"N",0.100000001490116,1.39999997615814,52,""
384,"0007-00102",102,"2016","2016-07-06 00:00:00",0.100000001490116,"AT BC EK",3,"N",0.200000002980232,1.29999995231628,88,""
385,"0007-00101",101,"2016","2016-07-07 00:00:00",0.100000001490116,"AT BC EK",3,"N",0.400000005960464,1,72,"SKID THROUGH PLOT"
386,"0007-00103",103,"2016","2016-07-06 00:00:00",0.100000001490116,"AT BC EK",3,"N",0.200000002980232,1.10000002384186,60,""
388,"0001-00205",205,"2016","2016-08-03 00:00:00",0.100000001490116,"AT",1,"N",0.400000005960464,0.600000023841858,12,""
389,"0001-00206",206,"2016","2016-08-03 00:00:00",0.100000001490116,"AT",1,"N",0.300000011920929,0.600000023841858,4,"""WITNESS STUMP MC 15"""" AZ168 D32.5"""
390,"0001-00207",207,"2016","2016-08-03 00:00:00",0.100000001490116,"AT",1,"N",0.200000002980232,0.400000005960464,8,"""WITNESS STUMP BO28.6"""" AZ69 D21.0 AND MC D22' AZ254 D39.8"""
391,"0001-00208",208,"2016","2016-08-03 00:00:00",0.100000001490116,"AT",1,"N",0.200000002980232,0.5,8,"""WITNESS BABY TREES PP 3"""" AZ2.5 D3.4 PP4"""" AZ77 D11.1; WITNESS STUMP MC 19"""" AZ150 D1.8"""
392,"0001-00209",209,"2016","2016-08-03 00:00:00",0.100000001490116,"VF KB",2,"N",0.200000002980232,0.400000005960464,12,"WITNESS STUMP MC DIA37 AZ326 D8.5; WITNESS STUMP PP DIA10 AZ256 D13.2"
393,"0001-00210",210,"2016","2016-08-03 00:00:00",0.100000001490116,"VF KB",2,"N",0.200000002980232,0.5,12,"WITNESS STUMP PP23 AZ28 D6.9; MC23 AZ297 D17.4; PP22 AZ170 D13.4"
394,"0001-00211",211,"2016","2016-08-03 00:00:00",0.100000001490116,"KB VF",2,"N",0.100000001490116,0.5,28,"WITNESS STUMP MC18 D21.1 AZ96; PP2 D5.9 AZ321; PP3 D6.9 AZ171 "
395,"0001-00212",212,"2016","2016-08-03 00:00:00",0.100000001490116,"VF KB",2,"N",0.200000002980232,0.5,40,"WITNESS STUMP PP32 D27.1 AZ210; PP3 D17.6 AZ58; PP2 D9 AZ275"
396,"0001-00213",213,"2016","2016-08-03 00:00:00",0.100000001490116,"KB VF",2,"N",0.200000002980232,0.5,16,"WITNESS STUMP PP27 D7.4 AZ207; PP18 D14.4 AZ141; ROCK D12.5 AZ40"
397,"0001-00214",214,"2016","2016-08-03 00:00:00",0.100000001490116,"KB VF",2,"N",0.100000001490116,1.29999995231628,12,""
481,"0007-00105",105,"2016","2016-07-05 00:00:00",0.100000001490116,"BC AT",2,"N",0.100000001490116,1.5,76,""
398,"0001-00401",401,"2016","2016-08-02 00:00:00",0.100000001490116,"HH IM",2,"N",0.200000002980232,0.75,0,"WITNESS STUMP AZ 56 D 4.9"
399,"0001-00402",402,"2016","2016-08-02 00:00:00",0.100000001490116,"HH IM",2,"N",0.200000002980232,0.75,4,"WITNESS AZ 104 D .5;WITNESS STUMP AZ 336 D 11.2"
400,"0001-00403",403,"2016","2016-08-03 00:00:00",0.100000001490116,"AT",1,"N",0.100000001490116,0.5,0,"""WITNESS STUMP MC 21"""" AZ84 D25.9; STUMP MC 31"""" AZ40 D10.1; STUMP MC 24"""" AZ224 D33.5"""
401,"0001-00404",404,"2016","2016-08-03 00:00:00",0.100000001490116,"AT",1,"N",0.5,0.5,8,"""BABY TREEWITNESS PP3"""" AZ272 D8.9 AND PP4"""" AZ336 D9.3; WITNESS STUMP MC34"""" AZ118 D33.7; OFFSET 1 CHAIN N"""
402,"0001-00405",405,"2016","2016-08-02 00:00:00",0.100000001490116,"AT KB",2,"N",0.100000001490116,0.5,0,"WITNESS STUMP MC19.4 AZ319 D3.8"
403,"0001-00406",406,"2016","2016-08-02 00:00:00",0.100000001490116,"AT KB",2,"N",0.200000002980232,0.400000005960464,0,"""WITNESS TREE LESS THAN 4.5DBH PP2""""  AZ D23.7; WITNESS STUMP MC 32"""" AZ256 D28.3"""
404,"0001-00407",407,"2016","2016-08-02 00:00:00",0.100000001490116,"KB AT",2,"N",0.100000001490116,0.400000005960464,12,"""BABY TREE WITNESSES PP2.5"""" AZ245 D12.2 AND PP 4""""AZ33 D7.0"""
406,"0001-00409",409,"2016","2016-08-02 00:00:00",0.100000001490116,"AT KB",2,"N",0.100000001490116,0.300000011920929,16,"""WITNESS STUMP IC D16 AZ216 D10.0, WITNESS STUMP MC D13 AZ52 D18.2, WITNESS PP TOO SMALL DBH3 AZ111 D6.3"""
407,"0001-00410",410,"2016","2016-08-02 00:00:00",0.100000001490116,"AT KB",2,"N",0.100000001490116,0.400000005960464,8,"WITNESS STUMP MC 16 AZ136 D21.5"
408,"0001-00411",411,"2016","2016-08-02 00:00:00",0.100000001490116,"AT KB",2,"N",0.100000001490116,0.400000005960464,12,"""WITNESS STUMP PINE 47"""" AZ19 D39.2 AND PINE 18"""" AZ268 D23.9"""
409,"0001-00412",412,"2016","2016-08-02 00:00:00",0.100000001490116,"AT KB",2,"N",0.100000001490116,0.300000011920929,8,"""WITNESS STUMP D18 AZ279 D2.7, WITNESS STUMP PP D19 AZ1 D11.6, WITNESS STUMP SP D27 AZ62 DIST16.3"""
410,"0001-00413",413,"2016","2016-08-02 00:00:00",0.100000001490116,"AT KB",2,"N",0.100000001490116,2,48,""
411,"0001-00414",414,"2016","2016-08-02 00:00:00",0.100000001490116,"AT KB",2,"N",0.100000001490116,0.600000023841858,56,""
412,"0001-00601",601,"2016","2016-08-02 00:00:00",0.100000001490116,"HH IM",2,"N",0.100000001490116,0.5,0,"WITNESS STUMP AZ 202 D 37.4;WITNESS STUMP AZ 275 D 27.9;WITNESS STUMP AZ 15 D 19.1"
413,"0001-00602",602,"2016","2016-08-02 00:00:00",0.100000001490116,"HH IM",2,"N",0.100000001490116,0.5,0,"WITNESS REGEN AZ 132 D 4.9;WITNESS SAPLING AZ 278 D 18.5;WITNESS STUMP AZ 330 D 6.5"
414,"0001-00603",603,"2016","2016-08-02 00:00:00",0.100000001490116,"HH IM",2,"N",0.100000001490116,0.25,0,"WITNESS STUMP AZ 134 D 35.9;WITNESS REGEN AZ 254 D 9.7;WITNESS SAPLING AZ 1 D 34.8"
415,"0001-00604",604,"2016","2016-08-01 00:00:00",0.100000001490116,"HH EK",2,"N",0.300000011920929,0.75,0,"WITNESS SNAG AZ 313 D 10.8;WITNESS STUMP AZ 221 D 6.8 ;WITNESS SNAG WF AZ27 D7.6"
416,"0001-00605",605,"2016","2016-08-02 00:00:00",0.100000001490116,"HH IM",2,"N",0.25,0.5,0,"WITNESS STUMP AZ 168 D 8.3;WITNESS SAPLING AZ 224 D 9.1 DBH 2.5;WITNESS SAPLING AZ 338 D 8.5 DBH 3.4"
417,"0001-00606",606,"2016","2016-08-02 00:00:00",0.100000001490116,"HH IM",2,"N",0.100000001490116,0.75,4,"WITNESS STUMP AZ 194 D 23.5;WITNESS SAPLING AZ 263 D 23.7"
418,"0001-00607",607,"2016","2016-08-01 00:00:00",0.100000001490116,"AT VF",2,"N",0.200000002980232,0.5,36,"""WITNESS STUMPS MC 24""""AZ286 D5.9 AND MC26"""" AZ119 D11.9"""
419,"0001-00801",801,"2016","2016-08-01 00:00:00",0.100000001490116,"AT VF",2,"N",0.100000001490116,0.400000005960464,8,"""OFFPLOT WITNESS STUMPS MC 18""""AZ245 D35.8 AND MC 16"""" AZ61 D17.1"""
420,"0001-00802",802,"2016","2016-08-01 00:00:00",0.100000001490116,"AT VF",2,"N",0.100000001490116,0.600000023841858,0,""
421,"0001-00803",803,"2016","2016-08-01 00:00:00",0.100000001490116,"VF AT",2,"N",0.100000001490116,0.5,4,"WITNESS STUMP MC18 AZ357 D16.2"
422,"0001-00804",804,"2016","2016-08-01 00:00:00",0.100000001490116,"AT VF",2,"N",0.100000001490116,0.5,0,""
423,"0001-00805",805,"2016","2016-08-01 00:00:00",0.100000001490116,"AT VF",2,"N",0.100000001490116,0.300000011920929,0,"WITNESS STUMP MC21 D3.6 AZ182; MC22 D11.9 AZ257; MC23 D13.8 AZ339"
424,"0001-00806",806,"2016","2016-08-01 00:00:00",0.100000001490116,"AT VF",2,"N",0.100000001490116,0.600000023841858,0,""
425,"0001-00807",807,"2016","2016-08-01 00:00:00",0.100000001490116,"VF AT",2,"N",0.100000001490116,0.800000011920929,8,""
426,"0001-01001",1001,"2016","2016-08-01 00:00:00",0.100000001490116,"HH EK",2,"N",0.699999988079071,0.75,0,"WITNESS STUMP AZ 297 D 1.5"
427,"0001-01002",1002,"2016","2016-08-01 00:00:00",0.100000001490116,"HH EK",2,"N",0.100000001490116,0.5,4,"WITNESS STUMP 1 MC AZ196 D7.2; WITNESS STUMP 2 MC AZ5 D10.4"
492,"0001-00408",408,"2016","2016-08-02 00:00:00",0.100000001490116,"AT KB",2,"N",0.100000001490116,0.400000005960464,12,"""WITNESS SNAG TOO SMALL BO DBH6 AZ149 D21.2, WITNESS STUMP DBH30 IC AZ354 D28.3"""
428,"0001-01003",1003,"2016","2016-08-01 00:00:00",0.100000001490116,"HH EK",2,"N",0.100000001490116,0.600000023841858,0,"NO MARKED TREES"
429,"0001-01004",1004,"2016","2016-08-01 00:00:00",0.100000001490116,"HH EK",2,"N",0.100000001490116,0.75,0,"OFF PLOT WITNESS AZ 270 D 38.1 DIAMETER 30.1  ,WITNESS STUMP AZ 68 D 6.1,WITNESS STUMP AZ 168 D 20.6,NO MARKED TREES NO REGEN"
430,"0001-01005",1005,"2016","2016-08-01 00:00:00",0.100000001490116,"HH EK",2,"N",0.100000001490116,0.300000011920929,0,"WITNESS STUMP 1 WF AZ184 D19.5; WITNESS STUMP 2 WF AZ282 D37.7; WITNESS STUMP 3 WF AZ59 D21.0"
431,"0001-01006",1006,"2016","2016-08-01 00:00:00",0.100000001490116,"HH EK",2,"N",0.100000001490116,1,52,"WITNESS WF AZ 117 D 51.1 DIAMETER 32.5"
432,"0001-01007",1007,"2016","2016-07-27 00:00:00",0.100000001490116,"ZM AB BC",3,"N",0.200000002980232,1.10000002384186,24,""
433,"0001-01008",1008,"2016","2016-07-28 00:00:00",0.100000001490116,"AB BC ZM",3,"N",0.200000002980232,0.800000011920929,8,"""WITNESS 1 STUMP D 12.4 AZ184 DBH 16WITNESS 2 STUMP D 9.4 AZ 234 DBH 25, WITNESS 3 STUMP D 15 AZ 92 DBH 26"""
434,"0001-01009",1009,"2016","2016-07-27 00:00:00",0.100000001490116,"ZM AB BC",3,"N",0.200000002980232,0.800000011920929,40,""
435,"0001-01010",1010,"2016","2016-07-27 00:00:00",0.100000001490116,"AB BC ZM",3,"N",0.300000011920929,1.10000002384186,60,""
436,"0001-01011",1011,"2016","2016-07-27 00:00:00",0.100000001490116,"AB BC ZM",3,"N",0.200000002980232,1.20000004768372,72,""
437,"0001-01012",1012,"2016","2016-07-27 00:00:00",0.100000001490116,"BC AB ZM",3,"N",0.100000001490116,0.800000011920929,80,""
438,"0001-01013",1013,"2016","2016-07-27 00:00:00",0.100000001490116,"AB BC ZM",3,"N",0.200000002980232,1,76,""
439,"0001-01014",1014,"2016","2016-07-26 00:00:00",0.100000001490116,"AB BC ZM",3,"N",0.200000002980232,1,52,""
440,"0001-01202",1202,"2016","2016-07-25 00:00:00",0.100000001490116,"BC RY AB",3,"N",0.25,1,60,"""PLOT WITH IN CLASS 1 WLPZ, TREES ON PLOT NOT MARKED, BUT TREES NEAR PLOT ARE MARKED"""
441,"0001-01203",1203,"2016","2016-07-25 00:00:00",0.100000001490116,"AB BC RY",3,"N",0.200000002980232,1,44,"""OFFSET 1 CHAIN TO THE EAST, WEST HALF OF PLOT IN WLPZ"""
443,"0001-01205",1205,"2016","2016-07-25 00:00:00",0.100000001490116,"AB BC RY",3,"N",0.200000002980232,1,40,""
444,"0001-01207",1207,"2016","2016-07-25 00:00:00",0.100000001490116,"BC AB RY",3,"N",0.100000001490116,0.899999976158142,80,""
445,"0001-01208",1208,"2016","2016-07-25 00:00:00",0.100000001490116,"AB BC RY",3,"N",0.200000002980232,1,72,"OFFSET 1 CHAIN TO THE EAST "
446,"0001-01209",1209,"2016","2016-07-25 00:00:00",0.100000001490116,"AB BC RY",3,"N",0.200000002980232,1.20000004768372,56,""
447,"0001-01211",1211,"2016","2016-07-26 00:00:00",0.100000001490116,"AB BC ZM",3,"N",0.200000002980232,1.20000004768372,32,""
448,"0001-01212",1212,"2016","2016-07-26 00:00:00",0.100000001490116,"BC AB ZM",3,"N",0.100000001490116,1.29999995231628,62,""
449,"0001-01213",1213,"2016","2016-07-26 00:00:00",0.100000001490116,"AB BC ZM",3,"N",0.200000002980232,1.39999997615814,64,""
450,"0001-01214",1214,"2016","2016-07-27 00:00:00",0.100000001490116,"AB BC ZM",3,"N",0.200000002980232,1.20000004768372,72,"WLPS"
451,"0001-01401",1401,"2016","2016-07-20 00:00:00",0.100000001490116,"AT IM",2,"N",0.5,1.25,36,""
452,"0001-01402",1402,"2016","2016-07-20 00:00:00",0.100000001490116,"AT IM",2,"N",0.100000001490116,1.25,68,"SKID THROUGH PLOT"
453,"0001-01403",1403,"2016","2016-07-20 00:00:00",0.100000001490116,"AT IM",2,"N",0.200000002980232,0.75,8,"""OFFPLOT WITNESS WF17"""" AZ33 D36.9 AND WF25.1 AZ64 D58.3; OFFSEST 1 CHAIN EAST"""
454,"0001-01404",1404,"2016","2016-07-20 00:00:00",0.100000001490116,"AT IM",2,"N",0.100000001490116,1.5,44,"OFFSET ONE CHAIN NORTH"
455,"0001-01405",1405,"2016","2016-07-20 00:00:00",0.100000001490116,"AT IM",2,"N",0.200000002980232,1.20000004768372,56,"ASH SHRUB OR TREE? 2 0-1 DBH OR10% 7'"
456,"0001-01406",1406,"2016","2016-07-20 00:00:00",0.100000001490116,"AT IM",2,"N",0.100000001490116,1,68,"94 DEGGREE FUEL LINE'S 30' MEASUREMENTS OFFSET 2FT PERP TO RIGHT DUE TO WET AREA;ASH 25% 7' TALL"
457,"0001-01408",1408,"2016","2016-07-21 00:00:00",0.100000001490116,"AT IM",2,"N",0.100000001490116,0.899999976158142,32,""
458,"0001-01409",1409,"2016","2016-07-21 00:00:00",0.100000001490116,"AT IM",2,"N",0.100000001490116,2,88,"TREES MARKED IN THE AREA; OFFSET I CHAIN WEST"
459,"0001-01410",1410,"2016","2016-07-21 00:00:00",0.100000001490116,"ZM AB",2,"N",0.100000001490116,1.5,78,""
460,"0001-01411",1411,"2016","2016-07-21 00:00:00",0.100000001490116,"AT IM",2,"N",0.100000001490116,1.20000004768372,36,"SKID THROUGH PLIOT"
461,"0001-01412",1412,"2016","2016-07-21 00:00:00",0.100000001490116,"AB ZM",2,"N",0.200000002980232,0.899999976158142,68,""
462,"0001-01413",1413,"2016","2016-07-26 00:00:00",0.100000001490116,"BC AB ZM",3,"N",0.100000001490116,1,52,""
463,"0001-01414",1414,"2016","2016-07-26 00:00:00",0.100000001490116,"AB BC ZM",3,"N",0.100000001490116,0.5,32,"OFFSET 1 CHAIN NORTH DUE TO LANDING"
464,"0005-01401",1401,"2016","2016-07-11 00:00:00",0.100000001490116,"IM EK KB RY",4,"N",0.100000001490116,1.5,64,""
465,"0005-01402",1402,"2016","2016-07-11 00:00:00",0.100000001490116,"IM EK",2,"N",0.100000001490116,1.02999997138977,68,""
466,"0005-01403",1403,"2016","2016-07-17 00:00:00",0.100000001490116,"RY KB",2,"N",0.100000001490116,1.60000002384186,64,"""BMS 5, campsite on plot"""
467,"0005-01404",1404,"2016","2016-07-11 00:00:00",0.100000001490116,"EK IM",2,"N",0.100000001490116,2.90000009536743,60,"NO MARKED TREES"
468,"0005-01405",1405,"2016","2016-07-11 00:00:00",0.100000001490116,"KB RY",2,"N",0.100000001490116,1.5,68,"0 %bms"
469,"0005-01406",1406,"2016","2016-07-07 00:00:00",0.100000001490116,"BC EK AT",3,"N",0.200000002980232,0.75,52,"OFFSET EAST ONE CHAIN"
470,"0005-01407",1407,"2016","2016-07-07 00:00:00",0.100000001490116,"AT BC EK",3,"N",0.100000001490116,1.20000004768372,-9,""
471,"0005-01409",1409,"2016","2016-07-11 00:00:00",0.100000001490116,"EK IM",2,"N",0.300000011920929,1.79999995231628,80,""
472,"0005-00413",413,"2016","2016-07-19 00:00:00",0.100000001490116,"AB AT ZM IM",4,"N",0.100000001490116,2,56,""
473,"0005-00713",713,"2016","2016-07-19 00:00:00",0.100000001490116,"AB ZM",2,"N",0.200000002980232,1.5,40,""
474,"0005-01109",1109,"2016","2016-08-03 00:00:00",0.100000001490116,"AT KB VF",3,"N",0.75,0.600000023841858,44,""
475,"0005-01113",1113,"2016","2016-07-13 00:00:00",0.100000001490116,"RY KB IM",3,"N",0.100000001490116,1,68,"No tags for trees 51-61"
476,"0005-01211",1211,"2016","2016-07-12 00:00:00",0.100000001490116,"RY IM",2,"N",0.200000002980232,1.5,56,""
477,"0005-01213",1213,"2016","2016-07-12 00:00:00",0.100000001490116,"RY IM",2,"N",0.100000001490116,2,64,""
478,"0005-01311",1311,"2016","2016-07-12 00:00:00",0.100000001490116,"RY IM",2,"N",0.100000001490116,1,88,""
479,"0005-01312",1312,"2016","2016-06-12 00:00:00",0.100000001490116,"RY IM",2,"N",0.100000001490116,2,68,""
480,"0005-01313",1313,"2016","2016-07-12 00:00:00",0.100000001490116,"RY IM",2,"N",0.100000001490116,1.5,72,""
482,"0007-00107",107,"2016","2016-07-05 00:00:00",0.100000001490116,"AT BC",2,"N",0.5,0.75,12,"NO PLOT CENTER MARKER; ON ROCK OUTCROP"
483,"0007-00301",301,"2016","2016-07-06 00:00:00",0.100000001490116,"BC EK AT",3,"N",0.100000001490116,0.75,48,""
484,"0007-00302",302,"2016","2016-07-08 00:00:00",0.100000001490116,"BC EK AT",3,"N",0.100000001490116,0.5,56,""
485,"0007-00304",304,"2016","2016-07-05 00:00:00",0.100000001490116,"EK KB",2,"N",0.100000001490116,2.40000009536743,68,""
486,"0007-00306",306,"2016","2016-07-06 00:00:00",0.100000001490116,"AT BC EK",3,"N",0.200000002980232,0.75,12,"NO PLOT CENTER; ON ROCK"
487,"0007-00307",307,"2016","2016-07-06 00:00:00",0.100000001490116,"AT BC EK",3,"N",0.200000002980232,0.5,68,""
488,"0007-00305",305,"2016","2016-07-05 00:00:00",0.100000001490116,"KB EK",2,"N",0.200000002980232,3,72,"BMS 0"
489,"0007-00301",301,"2016","2016-07-06 00:00:00",0.100000001490116,"BC EK AT",3,"N",0.100000001490116,0.75,48,""
490,"0007-00106",106,"2016","2016-07-05 00:00:00",0.100000001490116,"AT BC",2,"N",0.200000002980232,1.29999995231628,56,""
491,"0007-00104",104,"2016","2016-07-06 00:00:00",0.100000001490116,"AT BC EK",3,"N",0.100000001490116,0.699999988079071,80,""
493,"0001-01204",1204,"2016","2016-07-25 00:00:00",0.100000001490116,"AB BC RY",3,"N",1,0.800000011920929,48,"OLD SKID TRAIL IN PLOT"
494,"0001-00504",504,"2015","2015-09-13 00:00:00",0.100000001490116,"AT ZM",2,"N",0.200000002980232,0.400000005960464,0,"WITNESS STUMP MC24 D32.9 AZ358; WITNESS STUMP MC15 D3.3 AZ70"
495,"0001-00903",903,"2015","2015-08-13 00:00:00",0.100000001490116,"AT PM",2,"N",0.200000002980232,0.5,0,"2.5' TALL 4`WIDE ROCK WITNESS AZ223 D31.1; BURN AREA"
496,"0005-00311",311,"2016","2016-07-19 00:00:00",0.100000001490116,"AT IM",2,"N",0.100000001490116,1,68,""
497,"0005-01111",1111,"2016","2016-07-13 00:00:00",0.100000001490116,"KB IM",2,"N",0.100000001490116,1.79999995231628,72,"NO MARKED TREES"
498,"0005-01112",1112,"2016","2016-07-13 00:00:00",0.100000001490116,"KB IM",2,"N",0.100000001490116,1.70000004768372,76,"TREE 48 NOT TAGGED; NO MARKED TREES"
499,"0005-01212",1212,"2016","2016-07-12 00:00:00",0.100000001490116,"KB EK",2,"N",0.100000001490116,1.5,76,""
500,"0005-01410",1410,"2016","2016-07-11 00:00:00",0.100000001490116,"RY KB",2,"N",0.5,1.70000004768372,72,""
501,"0007-00303",303,"2016","2016-07-07 00:00:00",0.100000001490116,"AT EK BC",3,"N",0.200000002980232,1.29999995231628,76,""
502,"0005-00612",612,"2016","2016-07-19 00:00:00",0.100000001490116,"ZM AB",2,"N",0.200000002980232,2,60,""
503,"0005-01413",1413,"2016","2016-07-12 00:00:00",0.100000001490116,"EK KB",2,"N",0.5,1.5,60,"NO MARKED TREES"
504,"0005-01412",1412,"2016","2016-07-12 00:00:00",0.100000001490116,"EK KB",2,"N",0.100000001490116,1,48,"NO MARKED TREES"
505,"0005-01411",1411,"2016","2016-07-12 00:00:00",0.100000001490116,"KB EK",2,"N",0.100000001490116,12,52,""
506,"0005-00404",404,"2012","2012-07-11 00:00:00",0.100000001490116,"SF DF GW",3,"N",0.100000001490116,1245,24,"WITNESS OFF PLOT DIST58.9 AZ250  WF DBH11.8"
199,"0005-01301",1301,"2015","2015-09-21 00:00:00",0.100000001490116,"AT ZM JY",3,"N",0.100000001490116,1.5,92,""
200,"0005-01210",1210,"2015","2015-10-07 00:00:00",0.100000001490116,"JY ZM",2,"N",1,1.10000002384186,80,""
201,"0005-01209",1209,"2015","2015-09-22 00:00:00",0.100000001490116,"AT ZM",2,"N",0.5,0.699999988079071,84,""
202,"0005-01202",1202,"2015","2015-09-21 00:00:00",0.100000001490116,"AT ZM JY",3,"N",0.100000001490116,0.800000011920929,76,""
203,"0005-01201",1201,"2015","2015-09-21 00:00:00",0.100000001490116,"AT ZM JY",3,"N",0.200000002980232,0.800000011920929,56,""
204,"0005-01102",1102,"2015","2015-09-22 00:00:00",0.100000001490116,"AT JY ZM",3,"N",0.200000002980232,0.600000023841858,68,""
205,"0005-01101",1101,"2015","2015-09-21 00:00:00",0.100000001490116,"AT JM ZM",3,"N",0.200000002980232,0.800000011920929,76,""
207,"0005-00609",609,"2015","2015-09-24 00:00:00",0.100000001490116,"AT ZM",2,"N",0.200000002980232,0.800000011920929,60,""
209,"0007-01006",1006,"2015","2015-08-14 00:00:00",0.100000001490116,"CS JM PM",3,"N",0.300000011920929,1.60000002384186,40,""
210,"0007-01005",1005,"2015","2015-08-14 00:00:00",0.100000001490116,"CS JM PM",3,"N",0.100000001490116,1,40,""
211,"0007-01004",1004,"2015","2015-08-14 00:00:00",0.100000001490116,"CS JM PM",3,"N",0.100000001490116,1,60,""
213,"0007-01002",1002,"2015","2015-08-15 00:00:00",0.100000001490116,"CS JM",2,"N",0.200000002980232,2,44,""
214,"0007-01001",1001,"2015","2015-08-15 00:00:00",0.100000001490116,"CS JM",2,"N",0.200000002980232,1.5,40,""
215,"0007-00907",907,"2015","2015-10-07 00:00:00",0.100000001490116,"AT",1,"N",0.5,2,48,""
216,"0007-00906",906,"2015","2015-10-07 00:00:00",0.100000001490116,"AT JY ZM",3,"N",0.200000002980232,0.699999988079071,56,""
217,"0007-00905",905,"2015","2015-10-08 00:00:00",0.100000001490116,"ZM AT JY",3,"N",0.200000002980232,0.699999988079071,48,"OFFSET 1 CHAIN WEST"
218,"0007-00904",904,"2015","2015-10-08 00:00:00",0.100000001490116,"ZM AT JY",3,"N",0.100000001490116,1.10000002384186,52,""
219,"0007-00903",903,"2015","2015-10-08 00:00:00",0.100000001490116,"AT ZM JY",3,"N",0.200000002980232,0.800000011920929,68,""
220,"0007-00902",902,"2015","2015-10-07 00:00:00",0.100000001490116,"ZM AT JY",2,"N",0.100000001490116,0.800000011920929,76,""
221,"0007-00807",807,"2015","2015-08-17 00:00:00",0.100000001490116,"CS JM",2,"N",0.200000002980232,1.20000004768372,32,""
222,"0007-00806",806,"2015","2015-09-23 00:00:00",0.100000001490116,"AT ZM",2,"N",0.200000002980232,0.699999988079071,56,"NO TREE 17"
223,"0007-00805",805,"2015","2015-08-16 00:00:00",0.100000001490116,"CS JM",2,"N",0.200000002980232,2,48,""
225,"0007-00803",803,"2015","2015-08-16 00:00:00",0.100000001490116,"CS JM",2,"N",0.200000002980232,1.20000004768372,64,"OFFSET 1 CHAIN AT 180 DEGREES"
226,"0007-00802",802,"2015","2015-08-17 00:00:00",0.100000001490116,"CS JM",2,"N",0.300000011920929,1.20000004768372,72,""
227,"0007-00801",801,"2015","2015-08-15 00:00:00",0.100000001490116,"CS JM",2,"N",0.300000011920929,2,72,"OFFSET 1 CHAIN AT 180 DEGREES."
228,"0007-00607",607,"2015","2015-08-15 00:00:00",0.100000001490116,"RY PM",2,"N",1.5,1.5,44,"GROUSE RIDGE PLOT ESTABLISH"
229,"0007-00606",606,"2015","2015-08-15 00:00:00",0.100000001490116,"RY PM",2,"N",0.200000002980232,1.5,56,""
230,"0007-00605",605,"2015","2015-08-15 00:00:00",0.100000001490116,"RY PM",2,"N",0.200000002980232,2,75,"CLASS 3 OR 2 STREAM ON N EDGE OF PLOT"
231,"0007-00604",604,"2015","2015-08-16 00:00:00",0.100000001490116,"RY PM",2,"N",0.200000002980232,2,48,""
232,"0007-00603",603,"2015","2015-08-16 00:00:00",0.100000001490116,"RY PM",2,"N",0.200000002980232,1,20,""
233,"0007-00602",602,"2015","2015-08-16 00:00:00",0.100000001490116,"RY PM",2,"N",0.200000002980232,1,76,"NORTH OF BOWMAN LAKE RD"
235,"0007-00407",407,"2015","2015-09-08 00:00:00",0.100000001490116,"AT ZM",2,"N",0.300000011920929,1.75,-9,""
236,"0007-00406",406,"2015","2015-09-08 00:00:00",0.100000001490116,"AT ZM",2,"N",0.5,2.40000009536743,24,""
237,"0007-00405",405,"2015","2015-08-17 00:00:00",0.100000001490116,"RY PM",2,"N",0.200000002980232,2.20000004768372,68,""
238,"0007-00404",404,"2015","2015-08-17 00:00:00",0.100000001490116,"RY PM",2,"N",0.200000002980232,1.5,64,""
240,"0007-00402",402,"2015","2015-08-17 00:00:00",0.100000001490116,"RY PM",2,"N",0.200000002980232,0.5,75,"IN AREA MARKED FOR HARVEST"
241,"0007-00401",401,"2015","2015-08-16 00:00:00",0.100000001490116,"RY PM",2,"N",0.400000005960464,1.29999995231628,40,"GROUSE RIDGE MARKED FOR HARVEST"
242,"0007-00207",207,"2015","2015-08-17 00:00:00",0.100000001490116,"CS JM",2,"N",2,1.20000004768372,60,""
243,"0007-00206",206,"2015","2015-09-09 00:00:00",0.100000001490116,"AT ZM JY",2,"N",0.300000011920929,1.5,48,""
244,"0007-00205",205,"2015","2015-09-09 00:00:00",0.100000001490116,"AT ZM JY",3,"N",0.200000002980232,1.10000002384186,52,""
245,"0007-00204",204,"2015","2015-09-09 00:00:00",0.100000001490116,"AT ZM JY",3,"N",0.75,0.800000011920929,64,"40FEET N OF COUDUIT"
246,"0007-00203",203,"2015","2015-09-09 00:00:00",0.100000001490116,"AT ZM JY",3,"N",0.200000002980232,1,52,""
249,"0007-00403",403,"2015","2015-08-17 00:00:00",0.100000001490116,"RY PM",2,"N",0.200000002980232,1,80,"JUST NORTH OF CONDUIT"
250,"0007-00804",804,"2015","2015-08-16 00:00:00",0.100000001490116,"CS JM",2,"N",0.200000002980232,2,52,""
251,"0007-01003",1003,"2015","2015-09-23 00:00:00",0.100000001490116,"AT ZM",2,"N",0.300000011920929,1,68,""
253,"0007-00901",901,"2015","2015-10-08 00:00:00",0.100000001490116,"JY AT ZM",3,"N",0.100000001490116,1.20000004768372,52,""
317,"0005-01105",1105,"2012","2012-07-25 00:00:00",0.100000001490116,"KM AM",2,"N",0.100000001490116,1.29999995231628,48,"STEEL NAILS; FUEL 2015 AT ZM"
318,"0005-01106",1106,"2012","2012-07-25 00:00:00",0.100000001490116,"KM AM",2,"N",0.200000002980232,0.800000011920929,20,"WITNESS WF DIAM 19.1 D 70.5 AZ 126 WITNESS WF DIAM 13.3 D 45.2 AZ 296; 2015 FUEL AT ZM"
319,"0005-01107",1107,"2012","2012-07-25 00:00:00",0.100000001490116,"KM AM",2,"N",0.100000001490116,2.70000004768372,28,"TREES MARKED IN VACINITY; FUEL 2015 AT ZM"
320,"0005-01108",1108,"2012","2012-07-25 00:00:00",0.100000001490116,"KM AM",2,"N",0.100000001490116,1.20000004768372,44,"TREES MARKED IN VICINITY; NO STEEL; FUEL 2015 AT ZM"
321,"0005-01203",1203,"2012","2012-08-01 00:00:00",0.100000001490116,"GW AM",2,"N",0.100000001490116,1.70000004768372,44,"2015 FUEL AT JY ZM"
322,"0005-01204",1204,"2012","2012-08-01 00:00:00",0.100000001490116,"AM GW",2,"N",0.100000001490116,1,36,"OFFSITE WITNESS SPWF DBH13.8 AZ80 D37.3; FUEL 2015 AT ZM"
323,"0005-01205",1205,"2015","2015-07-26 00:00:00",0.100000001490116,"DF AM",2,"N",0.100000001490116,3,52,"TREES MARKED IN VICINITY; FUEL 2015 AT"
324,"0005-01207",1207,"2012","2012-07-25 00:00:00",0.100000001490116,"DF AM",2,"N",0.100000001490116,1.5,20,"ON SKID ROAD; PLOT CENTER IN PILE OF ROCKS; FUEL 2015 ZM JY"
325,"0005-01208",1208,"2012","2012-07-25 00:00:00",0.100000001490116,"DF AM",2,"N",0.200000002980232,2,52,"USING STEEL NAILS; FUEL 2015 ZM JY"
326,"0005-01303",1303,"2012","2012-06-30 00:00:00",0.100000001490116,"DF AM",2,"N",0.200000002980232,2.5,60,"FUEL 2015 AT ZM"
327,"0005-01304",1304,"2015","2015-07-31 00:00:00",0.100000001490116,"DF AM",2,"N",0.200000002980232,2,44,"FUEL 2015 AT ZM"
328,"0005-01306",1306,"2012","2012-07-31 00:00:00",0.100000001490116,"DF AM",2,"N",0.300000011920929,2.29999995231628,28,"OFFPLOT WITNESS SPRF DBH24.8 AZ296 D47.4; PLOT IN SKID TRAIL; NO MARK NEAR BY; FUEL IN 2015 AT ZM"
329,"0005-01307",1307,"2012","2012-07-31 00:00:00",0.100000001490116,"DF AM",2,"N",0.200000002980232,2,44,"FUEL IN 2015 AT"
330,"0005-01308",1308,"2012","2012-08-01 00:00:00",0.100000001490116,"GW AM",2,"N",0.300000011920929,1.89999997615814,52,"FUEL IN 2015 AT "
334,"0001-01113",1113,"2015","2015-10-14 00:00:00",0.100000001490116,"AT JY",2,"N",0.5,0.75,44,""
335,"0005-00602",602,"2012","2012-08-01 00:00:00",0.100000001490116,"KM DF",2,"N",0.200000002980232,2,64,"2015 FUEL RY ZM"
336,"0005-00603",603,"2012","2012-08-01 00:00:00",0.100000001490116,"AM GW",2,"N",0.100000001490116,1.75,40,"OFFPLOT WITNESS SPIC DBH13.7 AZ146 D56.2; FUEL 2015 RY ZM"
337,"0005-00604",604,"2012","2012-07-17 00:00:00",0.100000001490116,"KM DF",2,"N",0.200000002980232,2.5,60,"TREESIN VISCINITY MARKED; FUEL 2015 RY ZM"
338,"0005-00605",605,"2012","2012-07-17 00:00:00",0.100000001490116,"KM DF",2,"N",0.200000002980232,1.5,48,"ON EDGE OF SKID ROAD; FUEL 2015 RY ZM"
339,"0005-00606",606,"2012","2012-07-17 00:00:00",0.100000001490116,"DF KM",2,"N",0.100000001490116,2.5,60,"FUEL 2015 RY ZM"
340,"0005-00607",607,"2012","2012-07-18 00:00:00",0.100000001490116,"KM DF",2,"N",0.200000002980232,2,44,"TRES IN VISCINITY MARKED FUEL 2015 RY ZM"
341,"0005-00608",608,"2012","2012-07-18 00:00:00",0.100000001490116,"KM DF",2,"N",0.200000002980232,1.29999995231628,40,"TREES IN VISCINITY MARKED; FUEL 2015 RY ZM"
342,"0005-00308",308,"2012","2012-07-10 00:00:00",0.100000001490116,"DF GW SF",3,"N",0.100000001490116,2.29999995231628,48,"FUEL 2015 RY "
343,"0005-01206",1206,"2012","2012-07-31 00:00:00",0.100000001490116,"DF AM",2,"N",0.300000011920929,2.29999995231628,28,"OFFPLOT WITNESS SPRF DBH24.8 AZ296 D47.4; PLOT IN SKID TRAIL; LOOKS LIKE E EDGE OF MARK"
344,"0001-01501",1501,"2015","2015-07-28 00:00:00",0.100000001490116,"AT RY",3,"N",0.200000002980232,1.20000004768372,56,""
345,"0007-00501",501,"2015","2015-10-13 00:00:00",0.100000001490116,"JY AT",2,"N",0.100000001490116,0.800000011920929,48,""
346,"0007-00502",502,"2015","2015-10-13 00:00:00",0.100000001490116,"AT JY",2,"N",0.300000011920929,1,64,"OFFSET 1 CHAIN EAST"
347,"0007-00503",503,"2015","2015-10-13 00:00:00",0.100000001490116,"JY AT",2,"N",0.200000002980232,1,44,""
348,"0007-00504",504,"2015","2015-10-12 00:00:00",0.100000001490116,"AT ZM",2,"N",0.200000002980232,545,92,""
349,"0007-00505",505,"2015","2015-10-12 00:00:00",0.100000001490116,"AT ZM",2,"N",0.200000002980232,0.800000011920929,44,""
350,"0007-00506",506,"2015","2015-10-12 00:00:00",0.100000001490116,"AT ZM",2,"N",0.200000002980232,1.29999995231628,76,""
351,"0007-00507",507,"2015","2015-10-12 00:00:00",0.100000001490116,"AT ZM",2,"N",0.5,1.79999995231628,36,""
352,"0007-00701",701,"2015","2015-10-11 00:00:00",0.100000001490116,"RY ZM",2,"N",0.100000001490116,1,44,""
353,"0007-00702",702,"2015","2015-10-13 00:00:00",0.100000001490116,"ZM RY",2,"N",0.100000001490116,0.699999988079071,36,""
354,"0007-00703",703,"2015","2015-10-13 00:00:00",0.100000001490116,"ZM RY",2,"N",0.100000001490116,0.600000023841858,24,"JUST SOUTH OF BOWMAN LAKE ROAD"
355,"0007-00704",704,"2015","2015-10-13 00:00:00",0.100000001490116,"ZM RY",2,"N",0.200000002980232,0.899999976158142,60,""
356,"0007-00705",705,"2015","2015-10-11 00:00:00",0.100000001490116,"RY JY",2,"N",0.200000002980232,1,64,"IN WLPZ; NO MARKED TREES IN AREA"
357,"0007-00706",706,"2015","2015-10-12 00:00:00",0.100000001490116,"RY JY",2,"N",0.100000001490116,1,36,""
247,"0007-00202",202,"2015","2015-09-09 00:00:00",0.100000001490116,"AT ZM JY",3,"N",0.200000002980232,0.899999976158142,40,""
248,"0007-00201",201,"2015","2015-09-09 00:00:00",0.100000001490116,"AT ZM JY",3,"N",0.200000002980232,0.699999988079071,52,"OFFSET 1CHAIN SOUTH "
252,"0007-00601",601,"2015","2015-08-16 00:00:00",0.100000001490116,"RY PM",2,"N",0.200000002980232,1.5,36,"PLOT CENTER IS ON SKID TRAIL"
254,"0005-00601",601,"2015","2015-09-20 00:00:00",0.100000001490116,"AT JY ZM",2,"N",0.200000002980232,0.300000011920929,-9,"""OFFPLOT WITNESSES 32"""" WF AZ260 D37.5; 20.7"""" WF AZ42 D37.9; 11.6"""" WF AZ269 D44.1; TREES MARKED IN VICINITY"""
255,"0001-00306",306,"2015","2015-10-06 00:00:00",0.100000001490116,"ZM AT",2,"N",0.100000001490116,0.400000005960464,0,"""STUMP WITNESS IC 17""""AZ204 D3.2; NO OTHER TREES OR STUMRS SORRY"""
256,"0001-00308",308,"2015","2015-10-06 00:00:00",0.100000001490116,"AT ZM",2,"N",0.300000011920929,0.5,12,"""WITNESS STUMPS IC19"""" AZ82 D13.0; PP42"""" AZ178 D22.8; IC"""
257,"0001-00311",311,"2015","2015-10-06 00:00:00",0.100000001490116,"ZM AT",2,"N",0.200000002980232,0.300000011920929,0,"""WITNESS STUMPS FIR20"""" AZ229 D9.9 IC18"""" AZ287 D10.9 PP25"""" AZ149 D13.7"""
258,"0001-00703",703,"2015","2015-09-12 00:00:00",0.100000001490116,"ZM AT",2,"N",0.100000001490116,0.400000005960464,0,"""OFFSET 1 CHAIN EAST; OFFPLOT WITNESS SNAG WF 16.5"""" AZ144 D64.2';WITNESS STUMP MC 28"""" AZ245 D39.7; WITNESS STUMP MIDDLE IN GROUP OF 3 WF 21.5"""" AZ345 D59.3"""
259,"0001-00704",704,"2015","2015-09-12 00:00:00",0.100000001490116,"AT ZM",2,"N",0.300000011920929,0.400000005960464,0,"""WITNESSES; IC STUMP 17.6"""" AZ202 D1.4;IC STUMP 16"""" AZ312 D13.8; 2'X2'ROCK AZ55 D24.2; LOOKS LIKE OLD ROAD OR SKID THROUGH PLOT"""
260,"0001-00707",707,"2015","2015-09-12 00:00:00",0.100000001490116,"AT ZM",2,"N",0.200000002980232,0.300000011920929,4,"""WITNESS STUMPS: WF 26"""" AZ236 D5.7; MC 28""""AZ310 D6.5; IC 20 AZ36 D16.9"""
261,"0001-00902",902,"2015","2015-08-13 00:00:00",0.100000001490116,"AT PM",2,"N",0.200000002980232,0.300000011920929,0,"""NO TREES OR SNAGS ON PLOT WITNESS INFO:25' FIR STUMP AZ252 D11.2 20"""" FIR STUMP AZ171 D12.3 AND 24"""" ROCK AZ45 D6.8; BURN AREA"""
262,"0005-00102",102,"2012","2012-08-08 00:00:00",0.100000001490116,"DF GW",2,"N",0.100000001490116,0.800000011920929,36,"OFF PLOT WITNESS WF DBH30.5 D48.1 AZ73; RY FUELS IN 2015"
263,"0005-00103",103,"2012","2012-06-26 00:00:00",0.100000001490116,"LD AM",2,"N",0.200000002980232,6,56,"ry fuel in 2015"
264,"0005-00104",104,"2012","2012-06-27 00:00:00",0.100000001490116,"LD AM",2,"N",0.100000001490116,3,24,"FUEL IN 2015 RY"
265,"0005-00105",105,"2012","2012-07-03 00:00:00",0.100000001490116,"GW DF SF",3,"N",0.100000001490116,1,52,"FUEL IN 2015 RY"
267,"0005-00106",106,"2012","2012-07-03 00:00:00",0.100000001490116,"GW DF SF",3,"N",0.100000001490116,1.25,48,"FUEL IN 2015 RY JY"
268,"0005-00107",107,"2012","2012-07-03 00:00:00",0.100000001490116,"GW SF DF",3,"N",0.100000001490116,130,56,"FUEL IN 2015 RY JY"
269,"0005-00202",202,"2012","2012-08-07 00:00:00",0.100000001490116,"GW AM DF",2,"N",0.100000001490116,5,84,"FUEL IN 2015 RY"
270,"0005-00203",203,"2012","2012-06-27 00:00:00",0.100000001490116,"DF SF",2,"N",0.200000002980232,2,55,"TREES IN AREA MARKED BUT NOT ON PLOT; FUEL IN 2015 RY "
271,"0005-00204",204,"2012","2012-06-27 00:00:00",0.100000001490116,"SF DF",2,"N",0.100000001490116,2.5,28,"FUEL IN 2015 RY ZM"
272,"0005-00205",205,"2012","2012-06-28 00:00:00",0.100000001490116,"SF DF",2,"N",0.100000001490116,2.5,60,"FUEL IN 2015 RY ZM"
273,"0005-00206",206,"2012","2012-06-28 00:00:00",0.100000001490116,"SF DF GW",2,"N",0.100000001490116,230,28,"""FUEL IN 2015 RY ZM, NOT TREES MARKED IN LOCAL AREA"""
274,"0005-00207",207,"2012","2012-04-02 00:00:00",0.100000001490116,"DF GW",2,"N",0.100000001490116,2.79999995231628,60,"ADDING IN MARKED TREE NOTES WHEN NEEDED ON SOUTH END; FUEL IN I2015 RY JY"
275,"0005-00302",302,"2012","2012-08-02 00:00:00",0.100000001490116,"GW AM",2,"N",0.100000001490116,2,52,"PLOT IN WLPZ OFFPLOT WITNESS WF 38DBH D47.9 AZ226; FUEL IN 2015 RY ZM; NO TREES MARKED (WLPZ)"
276,"0005-00303",303,"2012","2012-07-04 00:00:00",0.100000001490116,"DF SF GW",3,"N",0.200000002980232,1.29999995231628,44,"""FUEL IN 2015 RY ZM, TREES IN VICINITY MARKED"""
277,"0005-00304",304,"2012","2012-07-04 00:00:00",0.100000001490116,"SF DF GW",3,"N",0.100000001490116,1.75,36,"FUEL IN 2015 RY ZM; TREES MARKED IN VICINITY BUT NOT IN PLOT"
278,"0005-00305",305,"2012","2012-07-09 00:00:00",0.100000001490116,"DF GW",2,"N",0.200000002980232,2.70000004768372,72,"FUEL IN 2015 RY ZM; TREES MARKED IN VICINITY"
279,"0005-00306",306,"2012","2012-07-10 00:00:00",0.100000001490116,"SF DF GW",3,"N",0.100000001490116,1.25,40,"2015 FUEL RY ZM"
280,"0005-00307",307,"2012","2012-07-10 00:00:00",0.100000001490116,"DF GW ELP",3,"N",0.100000001490116,1,56,"FUEL IN 2015 RY JY"
