"InvID","PlotID","Invdate","Treenum","Species","dbh","Toppres","Woodpeck","Barkcond","Theight","Cdeath","Yrdeath","Whard","Nesthole","Limbcond","Comment"
264,"0005-00104","2012-06-27 00:00:00",1,"RF",8.89999961853027,"N","Y",100,15,"N",2,1,0,"A",""
264,"0005-00104","2012-06-27 00:00:00",7,"WF",14.3999996185303,"Y","N",100,59,"N",4,3,0,"B",""
264,"0005-00104","2012-06-27 00:00:00",8,"WF",11.3999996185303,"Y","N",100,57,"N",2,1,0,"B",""
264,"0005-00104","2012-06-27 00:00:00",9,"WF",16.8999996185303,"N","Y",100,28,"N",4,2,0,"B",""
264,"0005-00104","2012-06-27 00:00:00",17,"RF",9,"N","Y",100,7,"N",4,3,0,"C",""
265,"0005-00105","2012-07-03 00:00:00",4,"WF",14.3999996185303,"Y","N",100,49,"N",1,1,0,"A",""
267,"0005-00106","2012-07-03 00:00:00",14,"WF",10,"N","N",40,12,"N",4,5,0,"E",""
268,"0005-00107","2012-07-03 00:00:00",8,"RF",9.19999980926514,"N","N",100,9,"N",4,3,0,"C",""
271,"0005-00204","2012-06-27 00:00:00",1,"RF",12.5,"N","N",80,31,"N",4,3,0,"B","AZ16"
271,"0005-00204","2012-06-27 00:00:00",6,"RF",8.5,"Y","N",90,26,"N",2,2,0,"B",""
271,"0005-00204","2012-06-27 00:00:00",10,"WF",12.8999996185303,"N","N",95,8,"N",4,3,0,"C",""
271,"0005-00204","2012-06-27 00:00:00",13,"WF",11.1000003814697,"N","N",95,10,"N",4,2,0,"C",""
271,"0005-00204","2012-06-27 00:00:00",14,"WF",10.8999996185303,"Y","N",100,53,"N",-9,2,0,"B",""
271,"0005-00204","2012-06-27 00:00:00",19,"WF",15.3999996185303,"Y","N",100,56,"N",2,1,0,"A",""
271,"0005-00204","2012-06-27 00:00:00",22,"WF",16.6000003814697,"N","Y",80,9,"N",4,4,3,"C",""
272,"0005-00205","2012-06-28 00:00:00",7,"WF",10.1999998092651,"N","Y",80,7,"N",4,3,0,"C",""
272,"0005-00205","2012-06-28 00:00:00",9,"WF",12.3999996185303,"Y","N",100,66,"N",4,2,0,"B",""
273,"0005-00206","2012-06-28 00:00:00",7,"WF",14.3999996185303,"Y","N",100,55,"N",2,2,0,"B",""
273,"0005-00206","2012-06-28 00:00:00",10,"WF",13.5,"N","N",100,33,"N",2,2,0,"B","WITNESS DIST6.2 AZ216"
273,"0005-00206","2012-06-28 00:00:00",18,"WF",18.8999996185303,"Y","N",100,64,"N",4,2,0,"B",""
274,"0005-00207","2012-04-02 00:00:00",2,"SP",13.1000003814697,"Y","N",70,59,"N",4,2,0,"C",""
274,"0005-00207","2012-04-02 00:00:00",5,"SP",13.1999998092651,"Y","N",25,59,"N",4,2,0,"B",""
274,"0005-00207","2012-04-02 00:00:00",13,"WF",9.30000019073486,"Y","N",80,46,"N",4,3,0,"C",""
274,"0005-00207","2012-04-02 00:00:00",27,"SP",13.1000003814697,"Y","N",70,59,"N",4,2,0,"B",""
275,"0005-00302","2012-08-02 00:00:00",18,"RF",33.2000007629395,"N","Y",95,75,"N",4,3,0,"D",""
277,"0005-00304","2012-07-04 00:00:00",10,"WF",11.3000001907349,"Y","N",100,44,"N",4,2,0,"B",""
277,"0005-00304","2012-07-04 00:00:00",18,"WF",20.6000003814697,"N","N",100,41,"N",4,3,0,"C",""
277,"0005-00304","2012-07-04 00:00:00",20,"WF",12.5,"N","N",100,12,"N",4,3,0,"C",""
277,"0005-00304","2012-07-04 00:00:00",22,"WF",16,"N","Y",100,10,"N",4,3,0,"C",""
277,"0005-00304","2012-07-04 00:00:00",23,"WF",20.3999996185303,"N","Y",80,12,"N",4,4,5,"D",""
277,"0005-00304","2012-07-04 00:00:00",24,"WF",8.5,"Y","N",100,39,"N",4,3,0,"B",""
277,"0005-00304","2012-07-04 00:00:00",32,"WF",12.1999998092651,"N","N",100,9,"N",4,3,0,"C",""
277,"0005-00304","2012-07-04 00:00:00",34,"WF",10.3000001907349,"N","Y",100,7,"N",4,4,0,"C",""
277,"0005-00304","2012-07-04 00:00:00",35,"WF",10.6999998092651,"Y","N",100,48,"N",2,2,0,"A",""
277,"0005-00304","2012-07-04 00:00:00",36,"WF",13,"Y","Y",90,53,"N",4,3,0,"C",""
279,"0005-00306","2012-07-10 00:00:00",13,"WF",8,"N","Y",90,17,"N",4,4,0,"C",""
282,"0005-00403","2012-07-11 00:00:00",5,"WF",12.3999996185303,"N","Y",50,10,"N",4,5,0,"D",""
283,"0005-00404","2012-07-11 00:00:00",1,"RF",15.1999998092651,"N","Y",65,9,"N",4,4,0,"C",""
283,"0005-00404","2012-07-11 00:00:00",4,"RF",12.8000001907349,"N","Y",100,18,"N",4,4,0,"C",""
283,"0005-00404","2012-07-11 00:00:00",7,"WF",8,"Y","N",100,40,"N",2,2,0,"B",""
283,"0005-00404","2012-07-11 00:00:00",9,"WF",9.89999961853027,"Y","N",100,41,"N",2,1,0,"B",""
283,"0005-00404","2012-07-11 00:00:00",11,"WF",11.3999996185303,"Y","N",100,53,"N",4,1,0,"C",""
283,"0005-00404","2012-07-11 00:00:00",23,"RF",7.69999980926514,"Y","N",100,33,"N",2,2,0,"B",""
283,"0005-00404","2012-07-11 00:00:00",25,"WF",8.89999961853027,"Y","N",95,24,"N",4,3,0,"D",""
283,"0005-00404","2012-07-11 00:00:00",26,"RF",13.8000001907349,"Y","N",100,47,"N",2,4,0,"C",""
283,"0005-00404","2012-07-11 00:00:00",27,"WF",17.7999992370605,"N","Y",60,18,"N",4,5,1,"C",""
284,"0005-00406","2012-07-12 00:00:00",6,"RF",17.5,"N","N",100,25,"N",4,3,0,"B",""
284,"0005-00406","2012-07-12 00:00:00",7,"RF",12,"Y","N",95,44,"N",4,3,0,"B",""
284,"0005-00406","2012-07-12 00:00:00",15,"WF",8.30000019073486,"Y","N",100,34,"N",2,2,0,"A",""
332,"0001-01514","2015-08-10 00:00:00",1,"WF",19.2000007629395,"N","Y",90,34,"N",4,3,3,"C",""
332,"0001-01514","2015-08-10 00:00:00",9,"WF",8.80000019073486,"Y","N",95,50,"N",4,4,0,"C",""
332,"0001-01514","2015-08-10 00:00:00",14,"WF",13.6000003814697,"N","Y",95,24,"N",4,4,0,"C",""
332,"0001-01514","2015-08-10 00:00:00",15,"WF",19.6000003814697,"N","N",95,29,"N",4,4,0,"C",""
332,"0001-01514","2015-08-10 00:00:00",17,"WF",36.0999984741211,"N","N",95,14,"N",4,4,0,"E",""
332,"0001-01514","2015-08-10 00:00:00",33,"WF ",20.2999992370605,"N","Y",90,34,"N",4,5,1,"C",""
332,"0001-01514","2015-08-10 00:00:00",34,"WF ",22.7000007629395,"N","N",95,26,"N",4,3,0,"C",""
333,"0001-01109","2015-08-12 00:00:00",5,"DF",10.5,"N","N",95,18,"N",4,3,0,"D",""
333,"0001-01109","2015-08-12 00:00:00",9,"WF",19,"N","N",95,51,"N",4,3,0,"D",""
333,"0001-01109","2015-08-12 00:00:00",12,"IC",25,"Y","N",90,79,"N",4,1,0,"C",""
333,"0001-01109","2015-08-12 00:00:00",13,"WF",8.69999980926514,"Y","N",95,36,"N",4,2,0,"B",""
333,"0001-01109","2015-08-12 00:00:00",14,"WF",8,"N","N",95,8,"N",4,4,0,"B",""
334,"0001-01113","2015-10-14 00:00:00",3,"WF",11.3000001907349,"N","Y",85,23,"N",4,2,1,"B",""
334,"0001-01113","2015-10-14 00:00:00",14,"IC",10.1999998092651,"Y","N",75,32,"N",4,1,0,"C",""
335,"0005-00602","2012-08-01 00:00:00",20,"RF",8.69999980926514,"N","Y",90,9,"N",4,4,0,"D","MARKED"
338,"0005-00605","2012-07-17 00:00:00",4,"RF",19,"N","Y",60,11,"N",4,5,0,"E",""
338,"0005-00605","2012-07-17 00:00:00",5,"RF",16.2999992370605,"Y","N",100,67,"N",2,3,0,"A",""
338,"0005-00605","2012-07-17 00:00:00",8,"RF",9.10000038146973,"N","Y",0,10,"N",4,5,1,"C",""
339,"0005-00606","2012-07-17 00:00:00",1,"RF",11.3999996185303,"N","Y",60,10,"N",4,3,1,"E",""
339,"0005-00606","2012-07-17 00:00:00",3,"RF",21.2000007629395,"N","Y",40,24,"N",4,5,2,"C",""
339,"0005-00606","2012-07-17 00:00:00",17,"RF",13.8999996185303,"N","Y",20,14,"N",4,3,2,"D",""
340,"0005-00607","2012-07-18 00:00:00",7,"WF",13.3000001907349,"N","N",30,7,"N",4,5,0,"E",""
340,"0005-00607","2012-07-18 00:00:00",20,"SP",14.5,"N","N",90,22,"N",4,3,0,"B",""
340,"0005-00607","2012-07-18 00:00:00",23,"RF",8.89999961853027,"Y","N",100,27,"N",4,2,0,"A",""
340,"0005-00607","2012-07-18 00:00:00",24,"SP",10.3000001907349,"Y","N",70,26,"N",4,2,0,"B","HEAVY LEAN"
342,"0005-00308","2012-07-10 00:00:00",12,"WF",16,"Y","N",100,71,"N",1,1,0,"A",""
342,"0005-00308","2012-07-10 00:00:00",20,"RF",12.6000003814697,"N","Y",100,10,"N",4,3,0,"B",""
342,"0005-00308","2012-07-10 00:00:00",23,"WF",11.6999998092651,"Y","N",100,56,"N",2,1,0,"B",""
342,"0005-00308","2012-07-10 00:00:00",31,"WF",9.10000038146973,"Y","Y",100,38,"N",2,1,0,"B",""
346,"0007-00502","2015-10-13 00:00:00",31,"WF",11,"Y","N",100,36,"N",4,3,0,"C",""
347,"0007-00503","2015-10-13 00:00:00",1,"IC",20.3999996185303,"Y","N",80,51,"N",4,1,0,"D",""
347,"0007-00503","2015-10-13 00:00:00",5,"BO",8.30000019073486,"N","N",0,5,"N",4,4,0,"E",""
347,"0007-00503","2015-10-13 00:00:00",14,"IC",8.10000038146973,"Y","N",70,20,"N",4,1,0,"D",""
348,"0007-00504","2015-10-12 00:00:00",20,"PP",12.3999996185303,"N","N",100,25,"P",4,3,0,"C",""
348,"0007-00504","2015-10-12 00:00:00",24,"PP",12.6000003814697,"N","N",100,40,"U",4,4,0,"C",""
348,"0007-00504","2015-10-12 00:00:00",25,"IC",25.1000003814697,"Y","Y",95,59,"N",4,4,1,"D",""
348,"0007-00504","2015-10-12 00:00:00",30,"IC",22.7000007629395,"Y","N",95,52,"N",4,2,0,"E",""
348,"0007-00504","2015-10-12 00:00:00",33,"IC",17,"N","N",95,40,"U",4,2,0,"E",""
348,"0007-00504","2015-10-12 00:00:00",35,"IC",20.6000003814697,"N","N",65,56,"U",4,1,0,"E",""
348,"0007-00504","2015-10-12 00:00:00",39,"IC",18.3999996185303,"N","N",75,59,"U",4,2,0,"E",""
348,"0007-00504","2015-10-12 00:00:00",41,"IC",17.1000003814697,"N","N",70,48,"U",4,2,0,"E",""
348,"0007-00504","2015-10-12 00:00:00",48,"IC",18.7999992370605,"N","N",80,24,"U",4,1,0,"E",""
349,"0007-00505","2015-10-12 00:00:00",10,"PP",20.2000007629395,"N","Y",5,26,"N",4,4,0,"E",""
349,"0007-00505","2015-10-12 00:00:00",13,"SP",13.6000003814697,"N","N",95,30,"N",4,2,0,"D",""
350,"0007-00506","2015-10-12 00:00:00",4,"MC",31,"N","Y",0,14,"U",4,1,1,"D",""
350,"0007-00506","2015-10-12 00:00:00",9,"MC",9.80000019073486,"N","N",100,12,"U",4,3,0,"D",""
350,"0007-00506","2015-10-12 00:00:00",16,"MC",14,"N","Y",100,12,"U",4,4,0,"D",""
350,"0007-00506","2015-10-12 00:00:00",20,"IC",29.5,"Y","N",95,54,"N",4,1,0,"C","WITNESS AZ46 D27.7"
350,"0007-00506","2015-10-12 00:00:00",21,"DF",25.7999992370605,"N","N",35,1,"U",4,5,0,"D",""
350,"0007-00506","2015-10-12 00:00:00",23,"DF",10.3999996185303,"N","N",95,8,"U",4,4,0,"C",""
79,"0001-00301","2015-09-13 00:00:00",2,"WF",11.6000003814697,"N","N",80,36,"F",4,3,0,"C",""
79,"0001-00301","2015-09-13 00:00:00",3,"BO",10.1000003814697,"N","N",20,44,"F",4,1,0,"D","WITNESS AZ252 D10.8"
79,"0001-00301","2015-09-13 00:00:00",4,"WF",9.30000019073486,"N","N",95,7,"F",4,2,0,"D",""
79,"0001-00301","2015-09-13 00:00:00",6,"WF",16.6000003814697,"N","N",95,11,"F",4,4,0,"D",""
80,"0001-00302","2015-09-13 00:00:00",1,"BO",19.7999992370605,"N","N",45,48,"N",4,1,0,"D","WITNESS AZ75 D26.3"
80,"0001-00302","2015-09-13 00:00:00",2,"BO",8.89999961853027,"N","N",5,20,"N",4,1,0,"D","WITNESS AZ218,D21"
80,"0001-00302","2015-09-13 00:00:00",3,"BO",10.3999996185303,"N","N",45,50,"N",4,1,0,"D",""
80,"0001-00302","2015-09-13 00:00:00",4,"BO",11.8999996185303,"N","N",80,56,"N",4,1,0,"D","WITNESS AZ240 D23.6"
81,"0001-00303","2015-09-13 00:00:00",2,"BO",15,"Y","N",5,76,"F",4,1,0,"D",""
81,"0001-00303","2015-09-13 00:00:00",4,"BO",11.8999996185303,"Y","N",25,60,"F",4,1,0,"D",""
81,"0001-00303","2015-09-13 00:00:00",5,"BO",10.1000003814697,"Y","N",10,43,"F",4,1,0,"D",""
81,"0001-00303","2015-09-13 00:00:00",6,"WF",14.3000001907349,"N","Y",70,35,"F",4,3,0,"D",""
81,"0001-00303","2015-09-13 00:00:00",7,"WF",11.8000001907349,"N","Y",95,8,"F",4,4,0,"E",""
81,"0001-00303","2015-09-13 00:00:00",8,"WF",26.2000007629395,"N","Y",70,55,"F",4,3,0,"D",""
81,"0001-00303","2015-09-13 00:00:00",9,"BO",16.5,"Y","N",60,57,"F",4,1,0,"C","WITNESS AZ330 D15.1"
81,"0001-00303","2015-09-13 00:00:00",10,"PP",18.7999992370605,"N","N",50,37,"F",4,1,0,"D",""
82,"0001-00304","2015-10-06 00:00:00",4,"MC",8.30000019073486,"N","N",80,35,"U",4,3,0,"D",""
82,"0001-00304","2015-10-06 00:00:00",10,"IC",9.60000038146973,"N","N",100,15,"F",4,2,0,"D",""
82,"0001-00304","2015-10-06 00:00:00",12,"WF",8.10000038146973,"N","N",95,28,"N",4,1,0,"D",""
82,"0001-00304","2015-10-06 00:00:00",13,"BO",8.89999961853027,"Y","N",20,59,"F",4,1,0,"C",""
82,"0001-00304","2015-10-06 00:00:00",14,"BO",11.5,"Y","N",30,62,"F",4,1,0,"C",""
82,"0001-00304","2015-10-06 00:00:00",15,"BO",12.6000003814697,"Y","N",35,59,"F",4,1,0,"C",""
82,"0001-00304","2015-10-06 00:00:00",19,"WF",13.8999996185303,"N","N",85,22,"U",4,2,0,"D",""
84,"0001-00307","2015-10-06 00:00:00",1,"IC",10.6999998092651,"Y","Y",95,46,"N",4,1,0,"D",""
84,"0001-00307","2015-10-06 00:00:00",2,"BO",32.2999992370605,"Y","Y",5,76,"N",4,1,0,"D","WITNESS AZ205 D15.9"
85,"0001-00309","2015-10-06 00:00:00",1,"WF",8.69999980926514,"N","N",95,6,"N",4,4,0,"E","WITNESS AZ150 D25.7"
85,"0001-00309","2015-10-06 00:00:00",2,"IC",10.1999998092651,"Y","Y",100,34,"N",4,4,0,"D","WITNESS AZ250 D9.6"
86,"0001-00310","2015-10-06 00:00:00",1,"BO",12.8999996185303,"Y","N",5,53,"F",4,1,0,"C",""
87,"0001-00312","2015-10-06 00:00:00",1,"WF",8.89999961853027,"N","Y",60,36,"F",4,2,0,"D","WITNESS AZ144 D31.4"
88,"0001-00313","2015-10-06 00:00:00",2,"MC",28,"N","Y",85,28,"F",4,3,0,"D","WITNESS AZ298 D34.1"
88,"0001-00313","2015-10-06 00:00:00",3,"BO",8.5,"Y","N",5,38,"F",4,1,0,"C",""
88,"0001-00313","2015-10-06 00:00:00",4,"PP",9.19999980926514,"N","N",95,28,"F",4,3,0,"C",""
88,"0001-00313","2015-10-06 00:00:00",5,"BO",12.3000001907349,"Y","N",30,43,"F",4,1,0,"C",""
88,"0001-00313","2015-10-06 00:00:00",6,"WF",9.80000019073486,"N","N",95,16,"F",4,2,0,"B",""
88,"0001-00313","2015-10-06 00:00:00",7,"PP",12.6000003814697,"N","Y",95,14,"F",4,4,0,"D","WITNESS AZ131 D3.7"
89,"0001-00314","2015-10-06 00:00:00",1,"JP",28.1000003814697,"N","Y",95,64,"N",4,2,0,"D",""
284,"0005-00406","2012-07-12 00:00:00",16,"RF",11.6999998092651,"N","N",90,7,"N",4,4,0,"C",""
284,"0005-00406","2012-07-12 00:00:00",17,"WF",8,"N","Y",100,6,"N",4,4,0,"D",""
284,"0005-00406","2012-07-12 00:00:00",19,"WF",11.5,"Y","N",90,40,"N",4,2,0,"B",""
285,"0005-00407","2012-07-16 00:00:00",7,"WF",16.3999996185303,"N","Y",100,16,"N",4,3,1,"C",""
285,"0005-00407","2012-07-16 00:00:00",8,"WF",13.8999996185303,"Y","N",100,38,"N",4,2,0,"A","MEASURED AT CROOK"
285,"0005-00407","2012-07-16 00:00:00",9,"WF",12.3000001907349,"N","N",100,17,"N",4,3,0,"A","MEASURED AT HORIZ CROOK"
286,"0005-00408","2012-07-16 00:00:00",4,"WF",15.1000003814697,"N","Y",100,30,"N",4,2,1,"D",""
286,"0005-00408","2012-07-16 00:00:00",12,"WF",10.6999998092651,"N","Y",85,10,"N",4,3,1,"D",""
287,"0005-00502","2012-08-01 00:00:00",6,"RF",10,"N","N",100,30,"N",2,1,0,"B",""
289,"0005-00504","2012-07-17 00:00:00",5,"WF",13.3000001907349,"Y","N",100,50,"N",1,1,0,"A","WITNESS D8.6 AZM 97 MARKED"
289,"0005-00504","2012-07-17 00:00:00",10,"WF",12.6000003814697,"N","N",100,20,"N",4,1,0,"D",""
89,"0001-00314","2015-10-06 00:00:00",18,"IC",12.8999996185303,"N","Y",50,11,"N",4,1,0,"D",""
90,"0001-00501","2015-09-13 00:00:00",1,"MC",9.5,"N","N",95,16,"F",4,2,0,"E","WITNESS AZ128 D34.5"
91,"0001-00502","2015-09-13 00:00:00",1,"MC",10.8999996185303,"N","N",90,15,"F",4,3,0,"E","WITNESS AZ 317 D33.6"
91,"0001-00502","2015-09-13 00:00:00",2,"MC",10.1999998092651,"N","N",95,14,"F",4,2,0,"E",""
92,"0001-00503","2015-09-13 00:00:00",1,"MC",13.6000003814697,"N","Y",30,17,"F",4,4,0,"E","WITNESS AZ D26.6352"
92,"0001-00503","2015-09-13 00:00:00",2,"MC",14.3000001907349,"N","Y",65,16,"F",4,3,0,"E",""
93,"0001-00505","2015-09-13 00:00:00",1,"MC",11.1000003814697,"N","N",5,7,"F",4,3,0,"E","WITNESS AZ177 D14.4"
94,"0001-00506","2015-09-13 00:00:00",1,"IC",9.39999961853027,"Y","N",10,47,"F",4,1,0,"D","WITNESS AZ209 D23"
94,"0001-00506","2015-09-13 00:00:00",2,"IC",8.39999961853027,"Y","N",25,38,"F",4,1,0,"D",""
95,"0001-00507","2015-09-13 00:00:00",1,"MC",12.3999996185303,"N","N",90,23,"F",4,3,0,"D","WITNESS AZ223 D32.0"
95,"0001-00507","2015-09-13 00:00:00",2,"MC",11,"N","Y",75,14,"F",4,3,0,"E",""
95,"0001-00507","2015-09-13 00:00:00",3,"IC",15.8000001907349,"Y","N",80,65,"F",4,2,0,"C",""
95,"0001-00507","2015-09-13 00:00:00",4,"MC",16.3999996185303,"N","Y",95,16,"F",4,4,0,"E","WITNESS AZ350 D15.2"
95,"0001-00507","2015-09-13 00:00:00",5,"MC",10,"N","Y",90,24,"F",4,3,0,"D",""
96,"0001-00511","2015-10-07 00:00:00",1,"MC",18.6000003814697,"N","N",0,7,"U",4,1,0,"E","WITNESS AZ D35.2"
97,"0001-00512","2015-10-07 00:00:00",3,"PP",9.80000019073486,"N","N",100,32,"F",4,1,0,"D",""
97,"0001-00512","2015-10-07 00:00:00",6,"PP",9.19999980926514,"N","N",100,8,"F",4,2,0,"E",""
97,"0001-00512","2015-10-07 00:00:00",8,"PP",8.80000019073486,"N","N",100,9,"F",4,1,0,"D",""
99,"0001-00701","2015-09-12 00:00:00",1,"WF",9.10000038146973,"N","N",35,47,"F",4,1,0,"E","WITNESS AZ221 D23.6"
99,"0001-00701","2015-09-12 00:00:00",2,"WF",13.8000001907349,"Y","N",20,47,"F",4,1,0,"D","WITNESS AZ322 D34.3"
100,"0001-00702","2015-09-12 00:00:00",14,"WF",11.8999996185303,"N","Y",85,23,"F",4,2,0,"D","WITNESS AZ23 D21.9"
101,"0001-00705","2015-09-12 00:00:00",1,"WF",21.8999996185303,"N","Y",85,8,"F",4,3,0,"E","WITNESS AZ6 D9.6"
102,"0001-00706","2015-09-12 00:00:00",1,"WF",15.5,"N","Y",10,57,"F",4,2,0,"D","WITNESS AZ266 D28.7"
102,"0001-00706","2015-09-12 00:00:00",2,"BO",12.5,"Y","N",0,52,"F",4,1,0,"C",""
102,"0001-00706","2015-09-12 00:00:00",3,"BO",8.80000019073486,"Y","N",0,55,"F",4,1,0,"C","WITNESS AZ30 D7.2"
102,"0001-00706","2015-09-12 00:00:00",4,"WF",12.5,"N","Y",80,23,"F",4,3,0,"D",""
102,"0001-00706","2015-09-12 00:00:00",5,"WF",8.19999980926514,"N","Y",95,10,"F",4,3,0,"E",""
102,"0001-00706","2015-09-12 00:00:00",6,"WF",16,"N","Y",95,17,"F",4,4,0,"E",""
102,"0001-00706","2015-09-12 00:00:00",7,"BO",13.6999998092651,"Y","N",5,45,"F",4,1,0,"C","WITNESS AZ160 D32"
103,"0001-00901","2015-08-13 00:00:00",1,"MC",10.6000003814697,"N","N",70,12,"F",4,1,0,"E","WITNESS AZ34 D27.9"
103,"0001-00901","2015-08-13 00:00:00",2,"MC",9.39999961853027,"N","N",40,26,"F",4,2,0,"E","WITNESS AZ72 D33.1"
104,"0001-00904","2015-08-13 00:00:00",1,"BO",9.80000019073486,"N","N",0,9,"F",4,1,0,"E","WITNESS AZ210 D35.2"
104,"0001-00904","2015-08-13 00:00:00",2,"IC",11.1000003814697,"N","N",95,21,"F",4,1,0,"C","WITNESS AZ269 D24.8"
104,"0001-00904","2015-08-13 00:00:00",3,"IC",11.3999996185303,"Y","N",65,28,"F",4,1,0,"C","WITNESS AZ137 D24.2"
105,"0001-00905","2015-08-12 00:00:00",1,"WF",11.1000003814697,"N","Y",80,22,"F",4,1,0,"C","WITNESS AZ257 D22.3"
105,"0001-00905","2015-08-12 00:00:00",2,"WF",9.60000038146973,"N","Y",90,14,"F",4,2,0,"D",""
106,"0001-00906","2015-08-12 00:00:00",1,"BO",10.6999998092651,"Y","N",5,29,"F",4,1,0,"C",""
106,"0001-00906","2015-08-12 00:00:00",4,"IC",8.80000019073486,"N","N",95,14,"F",4,1,0,"C",""
106,"0001-00906","2015-08-12 00:00:00",5,"IC",8.30000019073486,"Y","Y",100,31,"F",4,1,0,"C",""
106,"0001-00906","2015-08-12 00:00:00",7,"BO",9.10000038146973,"N","N",5,27,"F",4,1,0,"C",""
106,"0001-00906","2015-08-12 00:00:00",8,"IC",17.2000007629395,"Y","N",98,32,"F",4,1,0,"C",""
106,"0001-00906","2015-08-12 00:00:00",9,"IC",9,"N","N",90,15,"F",4,1,0,"C",""
107,"0001-00907","2015-08-12 00:00:00",1,"WF",9.30000019073486,"N","Y",100,13,"U",4,3,0,"E",""
107,"0001-00907","2015-08-12 00:00:00",2,"BO",10.6999998092651,"Y","N",20,75,"F",4,1,0,"C","WITNESS AZ241 D30.2"
107,"0001-00907","2015-08-12 00:00:00",3,"WF",8.69999980926514,"N","Y",95,10,"F",4,1,0,"E",""
355,"0007-00704","2015-10-13 00:00:00",23,"BO",11.5,"N","N",0,18,"N",4,2,0,"E",""
355,"0007-00704","2015-10-13 00:00:00",25,"WF",8.80000019073486,"N","N",95,34,"N",4,3,0,"D",""
357,"0007-00706","2015-10-12 00:00:00",5,"WF",8.30000019073486,"Y","N",95,27,"N",4,4,0,"A",""
357,"0007-00706","2015-10-12 00:00:00",12,"WF",11.8999996185303,"N","Y",100,9,"N",4,4,0,"C",""
357,"0007-00706","2015-10-12 00:00:00",19,"WF",14.8999996185303,"Y","N",100,51,"N",1,1,0,"A",""
358,"0007-00707","2015-10-12 00:00:00",11,"IC",8.5,"Y","N",100,32,"N",2,1,0,"A",""
358,"0007-00707","2015-10-12 00:00:00",21,"BO",17.2000007629395,"N","N",0,11,"N",4,2,0,"E",""
358,"0007-00707","2015-10-12 00:00:00",22,"IC",11.1000003814697,"Y","N",100,25,"N",4,1,0,"A",""
359,"0005-00111","2016-07-18 00:00:00",2,"BO",12.1999998092651,"Y","N",95,50,"N",-9,1,0,"B",""
359,"0005-00111","2016-07-18 00:00:00",20,"BO",9.69999980926514,"Y","N",0,42,"N",4,1,0,"D",""
359,"0005-00111","2016-07-18 00:00:00",36,"IC",11.3999996185303,"N","N",100,30,"P",4,1,0,"B",""
359,"0005-00111","2016-07-18 00:00:00",37,"BO",13.8000001907349,"Y","N",75,67,"N",4,1,0,"C",""
360,"0005-00112","2016-07-20 00:00:00",11,"BO",8.89999961853027,"Y","N",90,33,"N",4,1,0,"B",""
360,"0005-00112","2016-07-20 00:00:00",18,"WF",18,"Y","Y",100,72,"N",4,2,0,"C",""
360,"0005-00112","2016-07-20 00:00:00",21,"SP",12.6999998092651,"Y","N",90,65,"N",4,2,0,"B",""
361,"0005-00113","2016-07-18 00:00:00",12,"BO",11.1000003814697,"N","N",0,5,"N",4,2,0,"E",""
361,"0005-00113","2016-07-18 00:00:00",25,"BO",8.30000019073486,"N","N",10,20,"N",4,1,0,"E",""
361,"0005-00113","2016-07-18 00:00:00",33,"IC",22.2999992370605,"Y","N",30,54,"N",4,1,0,"E",""
362,"0005-00211","2016-07-19 00:00:00",5,"BO",12.3999996185303,"Y","N",90,47,"N",4,1,0,"B",""
362,"0005-00211","2016-07-19 00:00:00",8,"BO",11.5,"Y","N",85,43,"N",4,1,0,"D",""
362,"0005-00211","2016-07-19 00:00:00",11,"IC",54,"N","N",0,19,"N",4,1,0,"E",""
362,"0005-00211","2016-07-19 00:00:00",12,"WF",23.7000007629395,"N","N",100,59,"N",4,2,0,"C",""
362,"0005-00211","2016-07-19 00:00:00",19,"BO",11.1000003814697,"Y","N",90,4,"N",4,1,0,"B",""
362,"0005-00211","2016-07-19 00:00:00",20,"WF",13,"N","N",95,34,"N",4,1,0,"B",""
362,"0005-00211","2016-07-19 00:00:00",25,"BO",10.1999998092651,"Y","N",2,36,"N",4,1,0,"D",""
362,"0005-00211","2016-07-19 00:00:00",27,"WF",11.8999996185303,"Y","N",65,53,"N",4,1,0,"D",""
362,"0005-00211","2016-07-19 00:00:00",30,"BO",8.5,"N","N",15,25,"N",4,1,0,"E",""
362,"0005-00211","2016-07-19 00:00:00",31,"SP",8.39999961853027,"Y","N",85,42,"N",4,1,0,"C",""
362,"0005-00211","2016-07-19 00:00:00",45,"WF",19.7999992370605,"N","Y",40,29,"U",4,2,0,"C",""
363,"0005-00212","2016-07-19 00:00:00",23,"IC",8.60000038146973,"N","N",100,22,"N",4,1,0,"B",""
363,"0005-00212","2016-07-19 00:00:00",25,"BO",9,"N","N",80,18,"N",4,1,0,"B",""
364,"0005-00213","2016-07-18 00:00:00",1,"SP",11.3000001907349,"Y","N",80,43,"N",4,1,0,"B",""
364,"0005-00213","2016-07-18 00:00:00",25,"SP",9.69999980926514,"Y","N",100,34,"N",4,1,0,"B",""
364,"0005-00213","2016-07-18 00:00:00",27,"IC",13.1999998092651,"Y","N",100,50,"N",4,1,0,"B",""
367,"0005-00313","2016-07-19 00:00:00",22,"PP",20.1000003814697,"N","N",0,13,"N",4,2,0,"B",""
367,"0005-00313","2016-07-19 00:00:00",46,"BO",9.39999961853027,"N","N",15,27,"N",4,1,0,"B",""
369,"0005-00412","2016-07-20 00:00:00",2,"IC",37,"N","Y",0,45,"N",4,2,0,"E",""
369,"0005-00412","2016-07-20 00:00:00",8,"WF",10.8999996185303,"N","N",100,11,"N",4,2,0,"C",""
369,"0005-00412","2016-07-20 00:00:00",15,"IC",19.7999992370605,"N","N",0,14,"N",4,1,0,"E",""
369,"0005-00412","2016-07-20 00:00:00",22,"BO",10.3000001907349,"Y","N",50,37,"N",4,1,0,"B",""
369,"0005-00412","2016-07-20 00:00:00",23,"BO",14.1999998092651,"Y","N",50,45,"N",4,1,0,"B",""
369,"0005-00412","2016-07-20 00:00:00",24,"WF",12,"N","N",100,20,"N",4,2,0,"C",""
369,"0005-00412","2016-07-20 00:00:00",27,"WF",10.8999996185303,"N","N",100,16,"N",4,2,0,"E",""
370,"0005-00511","2016-07-20 00:00:00",24,"WF",10,"N","N",100,8,"N",4,3,0,"E",""
370,"0005-00511","2016-07-20 00:00:00",26,"WF",10,"Y","N",90,44,"N",4,2,0,"C",""
497,"0005-01111","2016-07-13 00:00:00",11,"WF",15.5,"Y","N",55,60,"N",4,3,0,"B",""
497,"0005-01111","2016-07-13 00:00:00",13,"BO",9.10000038146973,"Y","N",65,37,"N",4,2,0,"C",""
497,"0005-01111","2016-07-13 00:00:00",39,"WF",11.5,"Y","Y",70,52,"N",4,1,0,"C",""
497,"0005-01111","2016-07-13 00:00:00",47,"WF",9.39999961853027,"Y","Y",90,46,"N",4,1,0,"C","AZ283 D27"
497,"0005-01111","2016-07-13 00:00:00",57,"BO",8.5,"N","N",5,35,"N",4,1,0,"E","AZ332 D29.8"
372,"0005-00513","2016-07-20 00:00:00",5,"WF",11.3000001907349,"N","N",95,39,"N",4,2,0,"C",""
372,"0005-00513","2016-07-20 00:00:00",10,"WF",11.6000003814697,"Y","N",97,44,"N",4,2,0,"B",""
372,"0005-00513","2016-07-20 00:00:00",19,"IC",25.2999992370605,"Y","N",100,67,"N",1,1,0,"A",""
372,"0005-00513","2016-07-20 00:00:00",24,"IC",17.7000007629395,"Y","N",100,51,"N",2,1,0,"B",""
372,"0005-00513","2016-07-20 00:00:00",25,"SP",11.5,"Y","N",80,37,"N",4,1,0,"B",""
373,"0005-00611","2016-07-19 00:00:00",3,"BO",10.5,"N","N",50,10,"N",4,1,0,"E",""
373,"0005-00611","2016-07-19 00:00:00",6,"WF",8.89999961853027,"Y","N",95,31,"N",2,1,0,"C",""
373,"0005-00611","2016-07-19 00:00:00",9,"WF",12,"N","N",100,12,"N",4,2,0,"E",""
373,"0005-00611","2016-07-19 00:00:00",12,"WF",10.1999998092651,"N","N",80,14,"N",4,2,0,"D",""
373,"0005-00611","2016-07-19 00:00:00",29,"WF",9.60000038146973,"Y","N",90,37,"N",2,2,0,"B",""
375,"0005-00711","2016-07-18 00:00:00",2,"WF",8.69999980926514,"Y","N",90,-9,"N",2,1,0,"B",""
375,"0005-00711","2016-07-18 00:00:00",6,"BO",10.1000003814697,"Y","N",15,-9,"N",4,1,0,"B",""
375,"0005-00711","2016-07-18 00:00:00",9,"WF",13.6000003814697,"Y","N",90,-9,"N",4,3,0,"C",""
375,"0005-00711","2016-07-18 00:00:00",30,"WF",16.5,"N","N",90,-9,"N",4,3,0,"C",""
375,"0005-00711","2016-07-18 00:00:00",32,"WF",8.30000019073486,"Y","N",90,-9,"N",1,1,0,"B",""
375,"0005-00711","2016-07-18 00:00:00",35,"WF",13.8000001907349,"N","N",80,-9,"N",4,3,0,"B",""
376,"0005-00712","2016-07-18 00:00:00",18,"WF",15.3999996185303,"Y","N",100,-9,"N",0,1,0,"A",""
377,"0005-00811","2016-07-14 00:00:00",1,"WF",11.3000001907349,"Y","N",95,64,"N",4,2,0,"B",""
377,"0005-00811","2016-07-14 00:00:00",24,"PP",49.9000015258789,"N","Y",0,21,"F",4,-9,0,"E",""
377,"0005-00811","2016-07-14 00:00:00",41,"BO",19.2999992370605,"Y","N",20,70,"N",4,1,0,"B",""
377,"0005-00811","2016-07-14 00:00:00",42,"BO ",12.1999998092651,"Y","N",0,53,"N",4,1,0,"B",""
378,"0005-00812","2016-07-13 00:00:00",21,"WF",16.2000007629395,"Y","N",100,78,"N",4,2,0,"B",""
379,"0005-00813","2016-07-13 00:00:00",5,"WF",11.8999996185303,"Y","Y",100,53,"N",4,1,0,"D",""
379,"0005-00813","2016-07-13 00:00:00",9,"BO",18.3999996185303,"Y","N",0,31,"N",4,1,0,"E",""
381,"0005-00913","2016-07-13 00:00:00",8,"BO",30,"Y","Y",50,-9,"N",4,1,0,"B",""
381,"0005-00913","2016-07-13 00:00:00",19,"PP",30.5,"N","Y",5,-9,"F",4,1,0,"E",""
382,"0005-01012","2016-07-13 00:00:00",50,"BO",29.3999996185303,"N","Y",0,-9,"N",4,2,1,"E","NO TAG; AZ280 D16.8"
382,"0005-01012","2016-07-13 00:00:00",55,"PP",10.5,"N","Y",80,-9,"N",4,3,0,"E","NO TAG; AZ300 D26.5"
382,"0005-01012","2016-07-13 00:00:00",66,"PP",10.6999998092651,"N","Y",85,-9,"N",4,2,0,"B","NO TAG; AZ344 D22.8"
383,"0005-01013","2016-07-13 00:00:00",26,"BO",14,"N","N",85,5,"N",4,4,0,"E",""
383,"0005-01013","2016-07-13 00:00:00",31,"Bo",16.2000007629395,"Y","N",10,49,"N",4,1,0,"A",""
384,"0007-00102","2016-07-06 00:00:00",2,"IC",8.39999961853027,"Y","N",100,30,"N",4,2,0,"C",""
384,"0007-00102","2016-07-06 00:00:00",7,"WF",27.2000007629395,"Y","N",95,134,"N",2,1,0,"A",""
384,"0007-00102","2016-07-06 00:00:00",8,"WF",10.1000003814697,"N","N",100,40,"N",4,1,0,"C",""
384,"0007-00102","2016-07-06 00:00:00",9,"WF",12.8999996185303,"N","N",50,13,"N",4,4,0,"E",""
384,"0007-00102","2016-07-06 00:00:00",11,"WF",31.3999996185303,"N","N",80,10,"N",4,4,0,"E",""
384,"0007-00102","2016-07-06 00:00:00",13,"WF",9.5,"Y","N",10,29,"N",4,2,0,"E",""
384,"0007-00102","2016-07-06 00:00:00",23,"BO",16.2000007629395,"Y","N",0,43,"N",4,1,0,"E",""
384,"0007-00102","2016-07-06 00:00:00",27,"WF",20.3999996185303,"N","Y",65,27,"N",4,2,1,"E",""
384,"0007-00102","2016-07-06 00:00:00",28,"BO",8.39999961853027,"Y","N",0,41,"N",4,1,0,"D",""
385,"0007-00101","2016-07-07 00:00:00",12,"WF",18.1000003814697,"N","N",100,46,"N",4,2,0,"C",""
385,"0007-00101","2016-07-07 00:00:00",21,"BO",10,"Y","N",30,57,"N",4,1,0,"C",""
386,"0007-00103","2016-07-06 00:00:00",1,"WF",24.5,"N","N",100,43,"N",4,1,0,"C",""
386,"0007-00103","2016-07-06 00:00:00",3,"WF",18,"Y","N",100,91,"N",1,1,0,"A",""
386,"0007-00103","2016-07-06 00:00:00",6,"WF",12.8000001907349,"N","N",40,7,"N",4,4,1,"E",""
386,"0007-00103","2016-07-06 00:00:00",7,"WF",22.3999996185303,"Y","N",100,93,"N",1,1,0,"A",""
386,"0007-00103","2016-07-06 00:00:00",12,"WF",10.3999996185303,"Y","Y",100,46,"N",4,2,0,"C",""
386,"0007-00103","2016-07-06 00:00:00",15,"WF",31.7999992370605,"N","N",95,44,"N",4,1,0,"C",""
388,"0001-00205","2016-08-03 00:00:00",1,"MC",12.5,"N","N",25,6,"P",4,2,0,"E",""
389,"0001-00206","2016-08-03 00:00:00",1,"IC",8.39999961853027,"Y","N",15,43,"F",4,1,0,"B","WITNESS AZ10 D9.5"
389,"0001-00206","2016-08-03 00:00:00",2,"BO",13.6999998092651,"Y","N",0,57,"F",4,1,0,"C","WITNESS AZ64 D29.9"
390,"0001-00207","2016-08-03 00:00:00",1,"BO",9.19999980926514,"Y","N",0,29,"F",4,1,0,"B","WITNESS AZ290 D20.8"
392,"0001-00209","2016-08-03 00:00:00",1,"BO",23.2000007629395,"Y","N",0,79,"F",4,1,0,"E","WITNESS AZ96  D28.9"
393,"0001-00210","2016-08-03 00:00:00",1,"IC",11.8000001907349,"N","N",100,11,"F",4,3,0,"E",""
393,"0001-00210","2016-08-03 00:00:00",2,"MC",12,"N","N",70,11,"F",4,3,0,"E",""
393,"0001-00210","2016-08-03 00:00:00",3,"WF",9.60000038146973,"N","Y",95,11,"F",4,3,0,"D",""
393,"0001-00210","2016-08-03 00:00:00",4,"WF",9.10000038146973,"N","N",95,9,"F",4,2,0,"E",""
397,"0001-00214","2016-08-03 00:00:00",1,"MC",10.1999998092651,"Y","N",75,48,"F",4,2,0,"C",""
397,"0001-00214","2016-08-03 00:00:00",2,"PP",17,"N","N",20,15,"F",4,2,0,"D",""
397,"0001-00214","2016-08-03 00:00:00",3,"PP",13.1000003814697,"N","Y",35,17,"F",4,2,0,"E",""
397,"0001-00214","2016-08-03 00:00:00",4,"PP",11.3999996185303,"Y","N",70,44,"F",4,2,0,"D",""
397,"0001-00214","2016-08-03 00:00:00",5,"PP",10.6000003814697,"Y","N",65,62,"F",4,2,0,"D",""
397,"0001-00214","2016-08-03 00:00:00",6,"PP",18.6000003814697,"Y","N",50,57,"F",4,2,0,"D",""
397,"0001-00214","2016-08-03 00:00:00",7,"PP",10.6000003814697,"Y","N",85,35,"F",4,2,0,"D",""
397,"0001-00214","2016-08-03 00:00:00",8,"PP",11.3999996185303,"Y","N",75,57,"F",4,2,0,"D","WITNESS AZ335 D11.7"
397,"0001-00214","2016-08-03 00:00:00",9,"MC",15.3999996185303,"Y","N",40,61,"F",4,2,0,"D",""
397,"0001-00214","2016-08-03 00:00:00",10,"MC",10.3999996185303,"Y","N",45,38,"F",4,2,0,"D","WITNESS AZ85 D15.7"
397,"0001-00214","2016-08-03 00:00:00",11,"PP",14,"Y","N",30,78,"F",4,1,0,"E","WITNESS AZ168 D29.1"
398,"0001-00401","2016-08-02 00:00:00",1,"WF",17.3999996185303,"N","N",50,29,"F",4,3,0,"E","WITNESS AZ 164 D 9.4"
398,"0001-00401","2016-08-02 00:00:00",2,"WF",10.5,"N","N",95,8,"F",4,2,0,"E",""
398,"0001-00401","2016-08-02 00:00:00",3,"WF",21.5,"N","N",50,21,"F",4,1,0,"E","WITNESS AZ 348 D 4.2"
399,"0001-00402","2016-08-02 00:00:00",2,"BO",9,"N","N",0,33,"F",4,1,0,"E",""
399,"0001-00402","2016-08-02 00:00:00",4,"WF",8.30000019073486,"N","N",95,13,"F",4,2,0,"D",""
399,"0001-00402","2016-08-02 00:00:00",5,"WF",11.5,"N","Y",90,7,"F",4,4,0,"D",""
402,"0001-00405","2016-08-02 00:00:00",1,"BO",8.39999961853027,"N","N",0,16,"F",4,1,0,"E",""
402,"0001-00405","2016-08-02 00:00:00",2,"BO",9.19999980926514,"Y","N",0,34,"F",4,1,0,"D",""
402,"0001-00405","2016-08-02 00:00:00",3,"BO",8.69999980926514,"Y","N",0,45,"F",4,1,0,"D","WITNESS AZ118 D31.9"
402,"0001-00405","2016-08-02 00:00:00",4,"BO",12.1999998092651,"Y","N",0,59,"F",4,1,0,"C",""
402,"0001-00405","2016-08-02 00:00:00",5,"BO",8.5,"Y","N",0,50,"F",4,1,0,"C","WITNESS AZ190 D33.6"
402,"0001-00405","2016-08-02 00:00:00",6,"BO",10,"N","N",0,20,"F",4,1,0,"E",""
403,"0001-00406","2016-08-02 00:00:00",1,"BO",11.6000003814697,"N","N",0,39,"F",4,1,0,"E","WITNESS AZ113 D27.8"
404,"0001-00407","2016-08-02 00:00:00",1,"BO",11.6000003814697,"Y","N",0,47,"F",4,1,0,"C","WITNESS AZ176 D23.8"
407,"0001-00410","2016-08-02 00:00:00",1,"IC",9.89999961853027,"Y","N",75,54,"F",4,2,0,"B","WITNESS AZ268 D26.7"
407,"0001-00410","2016-08-02 00:00:00",2,"IC",9.19999980926514,"N","N",60,9,"F",4,2,0,"E","WITNESS AZ293 D35.9"
407,"0001-00410","2016-08-02 00:00:00",3,"PP",8.30000019073486,"N","N",85,12,"F",4,2,0,"E",""
408,"0001-00411","2016-08-02 00:00:00",1,"BO",14.8999996185303,"Y","N",0,60,"F",4,1,0,"C","WITNESS AZ150 D33.5"
410,"0001-00413","2016-08-02 00:00:00",5,"PP",9.69999980926514,"N","Y",90,44,"N",4,2,0,"C",""
416,"0001-00605","2016-08-02 00:00:00",1,"IC",10.6999998092651,"N","N",5,47,"F",4,1,0,"C",""
416,"0001-00605","2016-08-02 00:00:00",2,"SP",30.7999992370605,"N","Y",40,27,"F",4,1,0,"E",""
416,"0001-00605","2016-08-02 00:00:00",3,"SP",18.2999992370605,"N","N",45,8,"F",4,3,0,"E",""
417,"0001-00606","2016-08-02 00:00:00",1,"PP",12.8999996185303,"N","Y",70,30,"F",4,3,0,"E",""
417,"0001-00606","2016-08-02 00:00:00",2,"PP",15.1999998092651,"N","Y",70,14,"F",4,4,0,"E",""
417,"0001-00606","2016-08-02 00:00:00",3,"MC",9.60000038146973,"N","N",0,10,"F",4,1,0,"E","WITNESS AZ 40 D 20.2"
417,"0001-00606","2016-08-02 00:00:00",4,"BO",13.3999996185303,"N","N",0,47,"F",4,1,0,"E",""
492,"0001-00408","2016-08-02 00:00:00",1,"MC",13.1999998092651,"N","Y",80,9,"F",4,2,0,"E","WITNESS AZ219 D27.1"
417,"0001-00606","2016-08-02 00:00:00",5,"BO",16.3999996185303,"Y","N",0,-9,"F",4,1,0,"D",""
418,"0001-00607","2016-08-01 00:00:00",1,"BO",13.3999996185303,"N","N",0,37,"F",4,1,0,"D","WITNESS AZ189 D23.1"
419,"0001-00801","2016-08-01 00:00:00",1,"MC",13.1999998092651,"N","N",95,15,"F",4,2,0,"D","WITNESS AZ192 D27.4"
420,"0001-00802","2016-08-01 00:00:00",1,"MC",23.1000003814697,"N","Y",30,32,"F",4,2,1,"E","WITNESS D7.8 AZ198"
420,"0001-00802","2016-08-01 00:00:00",2,"MC",14.6000003814697,"N","Y",10,24,"F",4,2,0,"D",""
420,"0001-00802","2016-08-01 00:00:00",3,"MC",25.6000003814697,"N","Y",15,49,"F",4,2,1,"E","WITNESS D14.1 AZ329"
420,"0001-00802","2016-08-01 00:00:00",4,"MC",12.3000001907349,"N","N",5,7,"F",4,1,0,"E","WITNESS D30.7 AZ1"
421,"0001-00803","2016-08-01 00:00:00",1,"MC",17.6000003814697,"N","Y",45,8,"F",4,2,0,"E","WITNESS D19.8 AZ153"
421,"0001-00803","2016-08-01 00:00:00",2,"MC",8.39999961853027,"N","N",10,10,"F",4,1,0,"E","WITNESS D13.3 AZ168"
422,"0001-00804","2016-08-01 00:00:00",1,"MC",12.6000003814697,"N","Y",40,13,"F",4,1,0,"E","WITNESS AZ330 D33.3"
422,"0001-00804","2016-08-01 00:00:00",2,"MC",17.6000003814697,"N","Y",50,9,"F",4,1,0,"E","WITNESS AZ346 D24.8"
422,"0001-00804","2016-08-01 00:00:00",3,"MC",10.1999998092651,"N","Y",5,12,"F",4,1,0,"D","WITNESS AZ169 D26.4"
424,"0001-00806","2016-08-01 00:00:00",1,"MC",12.8000001907349,"N","Y",55,15,"F",4,2,0,"E","WITNESS AZWITNESS AZ291 D29.2"
424,"0001-00806","2016-08-01 00:00:00",2,"BO",9.39999961853027,"Y","N",5,48,"F",4,1,0,"C","WITNESS AZ4 D27.2"
424,"0001-00806","2016-08-01 00:00:00",3,"MC",8.89999961853027,"N","Y",90,6,"F",4,2,0,"E",""
424,"0001-00806","2016-08-01 00:00:00",4,"IC",9.69999980926514,"Y","Y",5,40,"F",4,1,0,"D",""
424,"0001-00806","2016-08-01 00:00:00",5,"BO",9.5,"Y","N",0,41,"F",4,1,0,"C",""
424,"0001-00806","2016-08-01 00:00:00",6,"MC",9.39999961853027,"N","Y",40,10,"F",4,2,0,"D",""
424,"0001-00806","2016-08-01 00:00:00",7,"MC",10.3000001907349,"N","Y",10,9,"F",4,3,0,"E","WITNESS AZ150 D22.7"
425,"0001-00807","2016-08-01 00:00:00",1,"BO",8.30000019073486,"Y","N",0,42,"F",4,1,0,"C",""
425,"0001-00807","2016-08-01 00:00:00",2,"BO",9.89999961853027,"Y","N",0,40,"F",4,1,0,"C",""
425,"0001-00807","2016-08-01 00:00:00",3,"BO",10.1000003814697,"Y","N",0,38,"F",4,1,0,"C",""
425,"0001-00807","2016-08-01 00:00:00",4,"BO",9.60000038146973,"N","N",0,23,"F",4,1,0,"C","WITNESS D13.8 AZ242"
425,"0001-00807","2016-08-01 00:00:00",5,"MC",9.39999961853027,"Y","N",60,24,"F",4,1,0,"B",""
425,"0001-00807","2016-08-01 00:00:00",6,"BO",12.3999996185303,"Y","N",0,51,"F",4,1,0,"B","WITNESS D28.4 AZ336"
425,"0001-00807","2016-08-01 00:00:00",7,"BO",9.10000038146973,"N","N",0,24,"F",4,1,0,"B",""
425,"0001-00807","2016-08-01 00:00:00",8,"BO",9.80000019073486,"N","N",0,32,"F",4,1,0,"D",""
425,"0001-00807","2016-08-01 00:00:00",9,"IC",10.3999996185303,"Y","N",10,40,"F",4,1,0,"C","WITNESS D20 AZ51"
425,"0001-00807","2016-08-01 00:00:00",10,"MC",13.8999996185303,"N","N",30,12,"F",4,1,0,"E",""
425,"0001-00807","2016-08-01 00:00:00",11,"MC",9.39999961853027,"N","Y",65,15,"F",4,2,0,"E",""
425,"0001-00807","2016-08-01 00:00:00",12,"BO",13.8000001907349,"Y","N",0,42,"F",4,1,0,"B",""
425,"0001-00807","2016-08-01 00:00:00",13,"BO",14,"Y","N",0,51,"F",4,1,0,"B",""
426,"0001-01001","2016-08-01 00:00:00",1,"WF",12.1000003814697,"N","Y",65,8,"F",4,2,0,"E","WITNESS AZ 210 D 16.8"
426,"0001-01001","2016-08-01 00:00:00",2,"WF",11.3999996185303,"N","N",55,7,"F",4,3,0,"E",""
426,"0001-01001","2016-08-01 00:00:00",3,"WF",14.5,"N","Y",95,15,"F",4,2,0,"D","WITNESS AZ 89 D 33.3"
426,"0001-01001","2016-08-01 00:00:00",4,"WF",9.80000019073486,"N","Y",85,6,"F",4,3,0,"E",""
427,"0001-01002","2016-08-01 00:00:00",1,"WF",10.6000003814697,"N","Y",55,12,"F",4,2,0,"E","WITNESS AZ286 D24.8"
428,"0001-01003","2016-08-01 00:00:00",1,"WF",12,"N","Y",40,5,"F",4,3,0,"D","WITNESS AZ261 D6.2"
428,"0001-01003","2016-08-01 00:00:00",2,"WF",10.1999998092651,"N","N",45,6,"F",4,3,0,"E","WITNESS AZ333 D29.9"
428,"0001-01003","2016-08-01 00:00:00",3,"WF",9.39999961853027,"N","Y",85,15,"F",4,3,0,"D","WITNESS AZ126 D33.8"
432,"0001-01007","2016-07-27 00:00:00",1,"IC",9.10000038146973,"N","N",100,23,"F",2,3,0,"B",""
432,"0001-01007","2016-07-27 00:00:00",9,"PP",13.3000001907349,"N","N",70,30,"F",4,1,0,"C",""
432,"0001-01007","2016-07-27 00:00:00",11,"WF",9.19999980926514,"N","N",90,23,"F",4,2,0,"D",""
433,"0001-01008","2016-07-28 00:00:00",1,"WF",8.80000019073486,"N","N",75,34,"N",4,2,0,"D",""
434,"0001-01009","2016-07-27 00:00:00",11,"WF",10.8999996185303,"N","N",100,11,"N",4,2,0,"B",""
434,"0001-01009","2016-07-27 00:00:00",14,"WF",17.5,"N","N",100,24,"N",4,2,0,"B",""
436,"0001-01011","2016-07-27 00:00:00",24,"WF",11.1999998092651,"N","N",80,8,"N",4,2,0,"C",""
436,"0001-01011","2016-07-27 00:00:00",45,"WF",13.6000003814697,"N","N",100,14,"N",2,4,0,"B",""
443,"0001-01205","2016-07-25 00:00:00",1,"WF",14.6999998092651,"Y","Y",95,56,"N",4,3,0,"B",""
443,"0001-01205","2016-07-25 00:00:00",16,"WF",8,"Y","N",100,27,"N",4,2,0,"B",""
443,"0001-01205","2016-07-25 00:00:00",17,"WF",13.3999996185303,"N","Y",95,19,"N",4,3,2,"C",""
443,"0001-01205","2016-07-25 00:00:00",18,"WF",17.6000003814697,"N","Y",100,49,"N",4,2,0,"C",""
445,"0001-01208","2016-07-25 00:00:00",2,"WF",12.8999996185303,"Y","N",100,6,"N",4,1,0,"B",""
445,"0001-01208","2016-07-25 00:00:00",28,"RF",10.8999996185303,"N","Y",35,15,"N",4,3,1,"D",""
447,"0001-01211","2016-07-26 00:00:00",14,"SP",16.7000007629395,"Y","N",100,55,"N",4,1,0,"B",""
447,"0001-01211","2016-07-26 00:00:00",17,"WF",24,"N","N",50,13,"N",4,3,0,"E",""
448,"0001-01212","2016-07-26 00:00:00",28,"WF",11.3000001907349,"Y","N",80,56,"N",4,1,0,"B",""
448,"0001-01212","2016-07-26 00:00:00",50,"WF",17.1000003814697,"N","N",100,21,"N",2,1,0,"B",""
450,"0001-01214","2016-07-27 00:00:00",15,"WF",28.2000007629395,"Y","N",100,117,"N",0,1,0,"A",""
451,"0001-01401","2016-07-20 00:00:00",1,"WF",13.5,"Y","N",95,78,"N",4,1,0,"C",""
451,"0001-01401","2016-07-20 00:00:00",8,"WF",8.69999980926514,"N","Y",95,10,"U",4,2,1,"E",""
451,"0001-01401","2016-07-20 00:00:00",18,"WF",10,"N","Y",100,39,"N",4,1,0,"D",""
451,"0001-01401","2016-07-20 00:00:00",21,"WF",9.60000038146973,"Y","N",100,48,"N",4,1,0,"D",""
452,"0001-01402","2016-07-20 00:00:00",1,"WF",13.8000001907349,"N","Y",95,16,"U",4,2,0,"D",""
452,"0001-01402","2016-07-20 00:00:00",2,"WF",11.5,"N","Y",90,18,"U",4,2,0,"E",""
452,"0001-01402","2016-07-20 00:00:00",6,"WF",31.3999996185303,"N","Y",90,79,"U",4,1,1,"E",""
452,"0001-01402","2016-07-20 00:00:00",7,"WF",11.3999996185303,"N","N",95,9,"U",4,2,0,"E",""
452,"0001-01402","2016-07-20 00:00:00",17,"WF",10.8999996185303,"N","N",100,20,"U",4,1,0,"C",""
452,"0001-01402","2016-07-20 00:00:00",22,"WF",9.10000038146973,"N","Y",95,9,"U",4,4,0,"E",""
452,"0001-01402","2016-07-20 00:00:00",23,"WF",12.3999996185303,"N","Y",95,20,"U",4,1,0,"E",""
455,"0001-01405","2016-07-20 00:00:00",5,"WF",18,"N","N",95,18,"U",4,3,0,"D",""
455,"0001-01405","2016-07-20 00:00:00",6,"WF",19.2999992370605,"N","N",100,11,"U",4,3,0,"E",""
455,"0001-01405","2016-07-20 00:00:00",10,"PP",10,"N","Y",100,15,"U",4,4,0,"C",""
455,"0001-01405","2016-07-20 00:00:00",13,"WF",25.2999992370605,"N","Y",100,11,"U",4,2,0,"E",""
455,"0001-01405","2016-07-20 00:00:00",14,"WF",15.3999996185303,"N","Y",100,8,"U",4,2,0,"E",""
456,"0001-01406","2016-07-20 00:00:00",1,"WF",20.1000003814697,"N","Y",80,8,"U",4,4,0,"E",""
456,"0001-01406","2016-07-20 00:00:00",13,"WF",30.1000003814697,"Y","Y",100,117,"N",4,1,0,"B",""
457,"0001-01408","2016-07-21 00:00:00",7,"WF",34.5,"N","N",100,115,"N",4,1,0,"B",""
458,"0001-01409","2016-07-21 00:00:00",24,"WF",11.3000001907349,"N","N",100,20,"N",4,2,0,"C",""
458,"0001-01409","2016-07-21 00:00:00",26,"WF",19.2999992370605,"N","N",100,18,"U",4,1,0,"E",""
458,"0001-01409","2016-07-21 00:00:00",45,"WF",8.19999980926514,"N","N",100,13,"P",4,1,0,"E",""
459,"0001-01410","2016-07-21 00:00:00",8,"IC",9,"N","N",95,28,"N",4,1,0,"E",""
460,"0001-01411","2016-07-21 00:00:00",6,"WF",17.8999996185303,"N","N",100,11,"U",4,2,0,"E",""
460,"0001-01411","2016-07-21 00:00:00",20,"WF",11.8999996185303,"N","Y",100,8,"U",4,5,0,"E",""
460,"0001-01411","2016-07-21 00:00:00",34,"WF",21.8999996185303,"N","Y",100,13,"U",4,3,0,"E",""
461,"0001-01412","2016-07-21 00:00:00",10,"WF",10.6999998092651,"N","N",100,13,"N",4,3,0,"B",""
461,"0001-01412","2016-07-21 00:00:00",21,"WF",8.30000019073486,"N","N",100,6,"N",4,5,0,"C",""
461,"0001-01412","2016-07-21 00:00:00",25,"WF",15.8000001907349,"N","N",95,16,"N",4,2,0,"B",""
461,"0001-01412","2016-07-21 00:00:00",26,"WF",15.3000001907349,"Y","N",100,38,"N",4,1,0,"B",""
461,"0001-01412","2016-07-21 00:00:00",29,"WF",8,"N","N",85,10,"N",4,4,0,"C",""
461,"0001-01412","2016-07-21 00:00:00",31,"PP",18.5,"N","N",50,6,"N",4,2,0,"E",""
461,"0001-01412","2016-07-21 00:00:00",32,"WF",10.6999998092651,"N","N",75,6,"N",4,2,0,"E",""
461,"0001-01412","2016-07-21 00:00:00",34,"PP",11,"N","N",80,-9,"N",4,2,0,"B",""
461,"0001-01412","2016-07-21 00:00:00",42,"WF",9.19999980926514,"N","N",100,21,"N",4,2,0,"B",""
461,"0001-01412","2016-07-21 00:00:00",45,"WF",9.10000038146973,"N","Y",100,9,"N",4,3,0,"B",""
462,"0001-01413","2016-07-26 00:00:00",4,"WF",10.6999998092651,"N","Y",85,16,"N",4,3,0,"B",""
107,"0001-00907","2015-08-12 00:00:00",4,"WF",9.30000019073486,"N","N",80,12,"F",4,1,0,"E",""
107,"0001-00907","2015-08-12 00:00:00",5,"WF",8.5,"N","Y",95,8,"F",4,3,0,"E",""
107,"0001-00907","2015-08-12 00:00:00",7,"BO",13.6999998092651,"N","N",10,34,"F",4,1,0,"E",""
107,"0001-00907","2015-08-12 00:00:00",8,"WF",9.30000019073486,"N","Y",95,29,"F",4,1,0,"B",""
107,"0001-00907","2015-08-12 00:00:00",9,"BO",13,"N","N",10,54,"F",4,1,0,"E","WITNESS AZ8 D28.5"
107,"0001-00907","2015-08-12 00:00:00",10,"WF",8.80000019073486,"N","N",95,13,"F",4,3,0,"E",""
108,"0001-00908","2015-08-12 00:00:00",1,"IC",11.8999996185303,"Y","N",95,37,"F",4,1,0,"B",""
108,"0001-00908","2015-08-12 00:00:00",2,"BO",17.7000007629395,"N","N",20,51,"F",4,1,0,"D","WITNESS AZ274 D2.9"
108,"0001-00908","2015-08-12 00:00:00",8,"BO",11.6000003814697,"Y","N",60,6,"N",4,1,0,"E",""
109,"0001-00909","2015-08-12 00:00:00",2,"IC",12.3000001907349,"Y","N",90,48,"N",4,1,0,"D","LEANING"
110,"0001-00910","2015-08-12 00:00:00",3,"WF",8.19999980926514,"Y","N",99,27,"N",2,2,0,"C",""
112,"0001-00913","2015-08-11 00:00:00",11,"PP",9.89999961853027,"Y","N",90,24,"N",4,1,0,"E",""
112,"0001-00913","2015-08-11 00:00:00",16,"PP",11.6999998092651,"N","Y",95,39,"N",4,2,0,"E",""
112,"0001-00913","2015-08-11 00:00:00",36,"DF",9.39999961853027,"Y","N",90,63,"N",4,3,0,"E",""
112,"0001-00913","2015-08-11 00:00:00",39,"PP",16.7999992370605,"Y","N",95,62,"N",2,1,0,"C",""
113,"0001-00912","2015-08-11 00:00:00",12,"WF",10,"N","Y",90,6,"P",4,4,0,"E",""
114,"0001-00914","2015-08-11 00:00:00",4,"BO",8.69999980926514,"N","N",20,20,"N",4,2,0,"D",""
115,"0001-01101","2015-08-13 00:00:00",1,"WF",22.3999996185303,"N","N",95,38,"N",4,2,0,"D","WITNESS AZ328 D 17.2"
115,"0001-01101","2015-08-13 00:00:00",2,"WF",10.3000001907349,"N","N",90,16,"N",4,2,0,"E","WITNESS AZ90 D17.3"
115,"0001-01101","2015-08-13 00:00:00",3,"WF",17.5,"N","N",80,7,"N",4,5,0,"E","WITNESS AZ168 D28.2"
116,"0001-01102","2015-08-13 00:00:00",1,"WF",19.7999992370605,"Y","N",95,115,"N",4,1,0,"B",""
116,"0001-01102","2015-08-13 00:00:00",10,"WF",20,"N","N",95,33,"N",4,3,0,"E",""
117,"0001-01103","2015-08-13 00:00:00",4,"WF",29.2000007629395,"Y","N",95,106,"N",4,2,0,"B",""
118,"0001-01104","2015-08-13 00:00:00",2,"WF",12.6999998092651,"N","Y",85,13,"U",4,2,0,"D",""
118,"0001-01104","2015-08-13 00:00:00",3,"WF",18.7999992370605,"N","Y",65,10,"U",4,2,1,"E",""
119,"0001-01105","2015-08-13 00:00:00",4,"WF",13,"N","Y",95,28,"F",4,2,4,"D",""
119,"0001-01105","2015-08-13 00:00:00",5,"IC",8.19999980926514,"N","N",90,11,"F",4,1,0,"C",""
123,"0001-01110","2015-08-12 00:00:00",20,"WF",8,"N","N",95,8,"N",4,3,0,"B",""
123,"0001-01110","2015-08-12 00:00:00",29,"IC",9.5,"N","N",95,42,"N",4,1,0,"C",""
123,"0001-01110","2015-08-12 00:00:00",41,"WF",12.8000001907349,"N","N",90,8,"N",4,5,0,"D",""
123,"0001-01110","2015-08-12 00:00:00",46,"WF",11.8999996185303,"Y","N",95,48,"N",4,3,0,"B",""
123,"0001-01110","2015-08-12 00:00:00",51,"WF",11.6999998092651,"N","N",95,24,"N",4,5,0,"C",""
125,"0001-01112","2015-08-12 00:00:00",28,"PP",11.1000003814697,"N","N",85,8,"N",4,4,0,"E",""
125,"0001-01112","2015-08-12 00:00:00",42,"PP",9.39999961853027,"N","N",95,29,"N",4,3,0,"D",""
125,"0001-01112","2015-08-12 00:00:00",43,"PP",11.6999998092651,"Y","N",85,28,"N",4,4,2,"C",""
125,"0001-01112","2015-08-12 00:00:00",44,"PP",10.6999998092651,"N","N",95,9,"N",4,4,0,"E",""
126,"0001-01114","2015-08-11 00:00:00",4,"IC ",9.19999980926514,"Y","N",95,24,"N",4,1,0,"B",""
126,"0001-01114","2015-08-11 00:00:00",31,"PP",9,"Y","N",95,50,"N",4,1,0,"C",""
127,"0001-01301","2015-08-03 00:00:00",28,"WF",10.5,"N","Y",95,18,"U",4,2,0,"D",""
129,"0001-01303","2015-08-05 00:00:00",1,"WF",16,"N","N",50,7,"U",4,4,0,"E",""
129,"0001-01303","2015-08-05 00:00:00",2,"WF",27.1000003814697,"N","N",40,8,"U",-9,2,0,"E",""
129,"0001-01303","2015-08-05 00:00:00",3,"WF",25.2000007629395,"N","N",95,45,"U",-9,1,0,"E",""
129,"0001-01303","2015-08-05 00:00:00",10,"WF",19.6000003814697,"N","N",-9,42,"U",-9,1,0,"E",""
130,"0001-01304","2015-08-04 00:00:00",2,"WF",13.8999996185303,"N","Y",75,15,"U",4,2,1,"E",""
130,"0001-01304","2015-08-04 00:00:00",3,"WF",15.1999998092651,"N","X",95,15,"U",4,3,0,"D",""
130,"0001-01304","2015-08-04 00:00:00",27,"WF",11.3999996185303,"N","N",100,27,"U",4,1,0,"E",""
130,"0001-01304","2015-08-04 00:00:00",29,"WF",9.5,"Y","Y",80,45,"N",4,2,1,"E",""
130,"0001-01304","2015-08-04 00:00:00",33,"WF",9.30000019073486,"Y","N",70,32,"N",4,2,0,"E",""
132,"0001-01306","2015-08-04 00:00:00",5,"PP",9.30000019073486,"N","N",95,8,"U",4,3,0,"E",""
304,"0005-00807","2012-07-23 00:00:00",15,"WF",13.1000003814697,"Y","N",100,41,"N",2,2,0,"A",""
305,"0005-00903","2012-07-31 00:00:00",10,"RF",14.1999998092651,"N","Y",100,47,"N",2,1,0,"B",""
306,"0005-00904","2012-07-26 00:00:00",8,"RF",11.6000003814697,"N","N",90,28,"N",4,3,0,"C",""
308,"0005-00906","2012-07-24 00:00:00",3,"IC",28.5,"N","N",0,18,"N",4,2,0,"E",""
308,"0005-00906","2012-07-24 00:00:00",13,"WF",10.8999996185303,"Y","N",100,38,"N",1,1,0,"A",""
308,"0005-00906","2012-07-24 00:00:00",17,"WF",10.5,"Y","N",100,31,"N",1,1,0,"A",""
308,"0005-00906","2012-07-24 00:00:00",18,"WF",11.6000003814697,"N","Y",95,11,"N",4,3,1,"E",""
308,"0005-00906","2012-07-24 00:00:00",19,"WF",16,"N","N",100,16,"N",4,3,0,"D",""
309,"0005-00907","2012-07-24 00:00:00",8,"WF",15.3000001907349,"N","Y",90,19,"N",4,4,0,"D",""
309,"0005-00907","2012-07-24 00:00:00",11,"WF",18.8999996185303,"N","N",100,7,"N",4,4,0,"E",""
309,"0005-00907","2012-07-24 00:00:00",14,"WF",16.1000003814697,"Y","N",100,67,"N",4,2,0,"B",""
309,"0005-00907","2012-07-24 00:00:00",19,"WF",12,"N","N",50,6,"N",4,4,0,"E",""
309,"0005-00907","2012-07-24 00:00:00",20,"WF",8.80000019073486,"N","N",40,12,"N",4,3,0,"E",""
310,"0005-01003","2012-07-30 00:00:00",5,"RF",17.1000003814697,"N","N",40,53,"N",4,3,0,"D",""
310,"0005-01003","2012-07-30 00:00:00",6,"RF",10,"N","N",60,24,"N",4,3,0,"E",""
311,"0005-01004","2012-07-30 00:00:00",11,"RF",29.7999992370605,"N","Y",85,21,"N",4,2,0,"B",""
314,"0005-01007","2015-07-24 00:00:00",5,"WF",10.3000001907349,"Y","Y",95,42,"N",4,2,0,"B",""
314,"0005-01007","2015-07-24 00:00:00",7,"WF",11.3000001907349,"Y","N",95,49,"N",4,2,0,"A",""
314,"0005-01007","2015-07-24 00:00:00",9,"WF",14.3999996185303,"Y","N",100,49,"N",4,2,0,"A",""
314,"0005-01007","2015-07-24 00:00:00",11,"WF",12.1000003814697,"Y","N",95,40,"N",4,1,0,"A",""
314,"0005-01007","2015-07-24 00:00:00",13,"WF",12.6000003814697,"Y","N",100,37,"N",4,2,0,"B",""
315,"0005-01103","2012-07-26 00:00:00",19,"RF",16.1000003814697,"N","Y",100,48,"N",1,1,0,"A",""
316,"0005-01104","2012-07-26 00:00:00",14,"RF",9.19999980926514,"Y","N",50,49,"N",4,3,0,"B",""
318,"0005-01106","2012-07-25 00:00:00",9,"RF",8.19999980926514,"Y","N",100,25,"N",4,3,0,"C",""
319,"0005-01107","2012-07-25 00:00:00",11,"WF",13.8000001907349,"N","N",50,7,"N",4,4,5,"E",""
319,"0005-01107","2012-07-25 00:00:00",25,"WF",13,"Y","N",100,44,"N",2,2,0,"A",""
319,"0005-01107","2012-07-25 00:00:00",33,"WF",12.1999998092651,"Y","N",100,39,"N",2,2,0,"A","STEEL NAIL"
320,"0005-01108","2012-07-25 00:00:00",2,"WF",9.89999961853027,"Y","N",100,29,"N",4,2,0,"B",""
320,"0005-01108","2012-07-25 00:00:00",8,"WF",12.1000003814697,"N","N",100,27,"N",1,1,0,"A",""
320,"0005-01108","2012-07-25 00:00:00",13,"WF",15.1000003814697,"Y","N",95,36,"N",4,3,0,"B",""
321,"0005-01203","2012-08-01 00:00:00",6,"WF",24.7999992370605,"N","Y",100,26,"N",2,2,0,"C",""
321,"0005-01203","2012-08-01 00:00:00",15,"RF",14.1999998092651,"Y","N",100,77,"N",1,1,0,"A",""
321,"0005-01203","2012-08-01 00:00:00",17,"SP",13.6999998092651,"Y","Y",60,34,"N",4,2,0,"C",""
322,"0005-01204","2012-08-01 00:00:00",2,"RF",9.80000019073486,"N","Y",50,17,"N",4,4,0,"E",""
323,"0005-01205","2015-07-26 00:00:00",30,"SP",10.8999996185303,"Y","N",90,35,"N",2,2,0,"A",""
323,"0005-01205","2015-07-26 00:00:00",42,"RF",10.1999998092651,"N","Y",80,22,"N",4,2,0,"C",""
325,"0005-01208","2012-07-25 00:00:00",1,"WF",14.3000001907349,"Y","N",100,59,"N",4,2,0,"B",""
325,"0005-01208","2012-07-25 00:00:00",2,"WF",12.1000003814697,"N","N",100,25,"N",4,2,0,"C",""
325,"0005-01208","2012-07-25 00:00:00",9,"WF",21,"Y","N",100,80,"N",2,2,0,"B",""
325,"0005-01208","2012-07-25 00:00:00",12,"WF",9.30000019073486,"Y","N",100,35,"N",4,3,0,"B","MEASURED ABOVE SWELL"
325,"0005-01208","2012-07-25 00:00:00",23,"WF",17.7000007629395,"N","Y",60,34,"N",4,3,0,"D",""
325,"0005-01208","2012-07-25 00:00:00",34,"WF",8.69999980926514,"Y","N",100,42,"N",4,3,0,"C",""
326,"0005-01303","2012-06-30 00:00:00",3,"RF",10.1999998092651,"Y","N",100,47,"N",2,2,0,"A",""
326,"0005-01303","2012-06-30 00:00:00",9,"RF",9.10000038146973,"N","N",100,32,"N",4,2,0,"B",""
329,"0005-01307","2012-07-31 00:00:00",3,"SP",10.1999998092651,"Y","N",95,45,"N",4,2,0,"B",""
329,"0005-01307","2012-07-31 00:00:00",4,"WF",8.5,"Y","N",100,32,"N",4,1,0,"B",""
329,"0005-01307","2012-07-31 00:00:00",16,"WF",30.1000003814697,"N","Y",100,17,"N",4,4,0,"C",""
351,"0007-00507","2015-10-12 00:00:00",6,"IC",11.6000003814697,"Y","N",100,29,"N",4,1,0,"D",""
351,"0007-00507","2015-10-12 00:00:00",9,"IC",9.89999961853027,"N","N",100,23,"N",4,1,0,"D",""
351,"0007-00507","2015-10-12 00:00:00",29,"DF",8.60000038146973,"N","N",95,16,"N",4,4,0,"D",""
462,"0001-01413","2016-07-26 00:00:00",8,"WF",9.30000019073486,"N","N",100,25,"N",4,2,0,"C",""
462,"0001-01413","2016-07-26 00:00:00",10,"WF",15.8999996185303,"Y","N",100,68,"N",1,1,0,"A",""
462,"0001-01413","2016-07-26 00:00:00",11,"BO",18,"N","N",30,7,"N",4,1,0,"E",""
462,"0001-01413","2016-07-26 00:00:00",12,"WF",15.1999998092651,"N","N",90,23,"N",4,2,0,"B",""
462,"0001-01413","2016-07-26 00:00:00",15,"WF",15.8000001907349,"N","N",100,20,"N",4,3,0,"B",""
465,"0005-01402","2016-07-11 00:00:00",20,"SP",23.7999992370605,"Y","N",95,77,"N",4,3,0,"B",""
465,"0005-01402","2016-07-11 00:00:00",22,"SP",20,"Y","Y",75,83,"N",4,2,0,"B",""
467,"0005-01404","2016-07-11 00:00:00",44,"RF",10.1999998092651,"N","Y",95,7,"N",4,1,0,"C",""
468,"0005-01405","2016-07-11 00:00:00",16,"RF",9.5,"Y","Y",100,53,"N",1,1,0,"A",""
468,"0005-01405","2016-07-11 00:00:00",23,"RF",8.5,"Y","Y",100,47,"N",1,2,0,"A",""
468,"0005-01405","2016-07-11 00:00:00",33,"RF",5.69999980926514,"Y","N",100,29,"N",1,2,0,"A",""
469,"0005-01406","2016-07-07 00:00:00",2,"RF",10.1000003814697,"N","N",5,8,"N",4,2,0,"D",""
469,"0005-01406","2016-07-07 00:00:00",14,"RF",8.69999980926514,"N","N",50,10,"N",4,2,0,"D",""
470,"0005-01407","2016-07-07 00:00:00",4,"WF",24.1000003814697,"Y","N",100,86,"N",4,1,0,"B","ATTACHED AT BASE TO 2 AND 5"
470,"0005-01407","2016-07-07 00:00:00",8,"WF",19.6000003814697,"Y","N",100,84,"N",4,2,0,"B",""
470,"0005-01407","2016-07-07 00:00:00",16,"WF",17,"N","N",95,20,"N",4,3,0,"B",""
470,"0005-01407","2016-07-07 00:00:00",31,"WF",9.5,"Y","N",85,22,"N",4,2,0,"B",""
471,"0005-01409","2016-07-11 00:00:00",1,"RF",9.39999961853027,"N","Y",95,16,"N",4,2,0,"C",""
471,"0005-01409","2016-07-11 00:00:00",29,"RF",10.6000003814697,"Y","N",90,31,"N",4,1,0,"B",""
471,"0005-01409","2016-07-11 00:00:00",33,"RF",9.19999980926514,"Y","Y",100,38,"N",2,1,0,"B",""
471,"0005-01409","2016-07-11 00:00:00",39,"LP",12.5,"N","N",65,18,"N",4,2,0,"E",""
471,"0005-01409","2016-07-11 00:00:00",40,"RF",13.1000003814697,"N","N",100,21,"N",4,1,0,"C",""
474,"0005-01109","2016-08-03 00:00:00",7,"RF",23.2999992370605,"Y","N",100,91,"N",2,1,0,"A","MARKED"
475,"0005-01113","2016-07-13 00:00:00",58,"WF",12.1999998092651,"N","N",100,-9,"N",4,-9,0,"B","AZ343 D17.4"
476,"0005-01211","2016-07-12 00:00:00",4,"BO",7,"N","N",0,21,"N",4,2,0,"E",""
476,"0005-01211","2016-07-12 00:00:00",12,"BO",11.8000001907349,"Y","N",90,37,"N",4,1,0,"C",""
476,"0005-01211","2016-07-12 00:00:00",14,"Wf ",18.1000003814697,"Y","N",75,66,"N",4,2,0,"B",""
478,"0005-01311","2016-07-12 00:00:00",32,"WF",12.1999998092651,"Y","N",100,67,"N",1,1,0,"D",""
478,"0005-01311","2016-07-12 00:00:00",36,"WF",18.2999992370605,"N","N",85,7,"N",4,4,0,"X",""
480,"0005-01313","2016-07-12 00:00:00",5,"WF",20.7000007629395,"N","N",100,75,"N",4,1,0,"B",""
481,"0007-00105","2016-07-05 00:00:00",25,"WF",10.8999996185303,"Y","N",90,66,"N",4,1,0,"C",""
481,"0007-00105","2016-07-05 00:00:00",29,"WF",12.6000003814697,"N","Y",95,22,"P",4,2,0,"C",""
481,"0007-00105","2016-07-05 00:00:00",38,"BO",8.19999980926514,"Y","N",0,46,"N",4,1,0,"C",""
483,"0007-00301","2016-07-06 00:00:00",2,"IC",26.5,"N","N",0,16,"N",4,1,0,"E",""
483,"0007-00301","2016-07-06 00:00:00",5,"IC",12,"N","N",0,10,"N",4,2,0,"E",""
484,"0007-00302","2016-07-08 00:00:00",9,"WF",11.1999998092651,"Y","Y",100,53,"N",4,2,0,"B",""
484,"0007-00302","2016-07-08 00:00:00",13,"WF",8.19999980926514,"N","N",90,15,"N",4,3,0,"D",""
485,"0007-00304","2016-07-05 00:00:00",4,"IC",11.8000001907349,"Y","N",90,26,"N",4,2,0,"C",""
485,"0007-00304","2016-07-05 00:00:00",19,"IC",20.1000003814697,"N","N",15,8,"N",4,2,0,"E",""
486,"0007-00306","2016-07-06 00:00:00",3,"SP",13.3000001907349,"Y","Y",5,46,"N",4,2,0,"C",""
487,"0007-00307","2016-07-06 00:00:00",26,"SP",16.2000007629395,"Y","N",100,56,"N",2,1,0,"B",""
488,"0007-00305","2016-07-05 00:00:00",5,"WF",9.39999961853027,"Y","N",90,55,"N",4,3,0,"D",""
488,"0007-00305","2016-07-05 00:00:00",6,"IC",27.1000003814697,"Y","N",95,83,"N",4,2,0,"C",""
488,"0007-00305","2016-07-05 00:00:00",9,"IC",18.8999996185303,"Y","N",90,75,"N",4,2,1,"C","MARKED; ATTACHED AT BASE TO 8"
488,"0007-00305","2016-07-05 00:00:00",10,"IC",25,"Y","N",90,80,"N",4,1,0,"C",""
488,"0007-00305","2016-07-05 00:00:00",18,"IC",33.7000007629395,"Y","N",70,99,"N",4,2,0,"C",""
488,"0007-00305","2016-07-05 00:00:00",34,"WF",12.8000001907349,"N","N",100,-9,"N",4,-9,0,"C",""
488,"0007-00305","2016-07-05 00:00:00",36,"IC",16.7999992370605,"N","Y",10,-9,"N",4,-9,0,"E",""
488,"0007-00305","2016-07-05 00:00:00",40,"WF",10.8000001907349,"N","N",100,-9,"N",4,-9,0,"B",""
488,"0007-00305","2016-07-05 00:00:00",41,"WF",19.7000007629395,"N","N",0,-9,"N",4,-9,0,"E",""
489,"0007-00301","2016-07-06 00:00:00",2,"IC",26.5,"N","N",0,-9,"N",4,-9,0,"E",""
489,"0007-00301","2016-07-06 00:00:00",5,"IC",12,"N","N",0,-9,"N",4,-9,0,"E",""
490,"0007-00106","2016-07-05 00:00:00",10,"IC",21.2000007629395,"N","Y",0,-9,"N",4,-9,0,"E",""
494,"0001-00504","2015-09-13 00:00:00",1,"MC",22.8999996185303,"N","Y",5,15,"U",4,-9,0,"E","WITNESS AZ287 D8.2"
495,"0001-00903","2015-08-13 00:00:00",1,"MC",11.8999996185303,"N","Y",70,13,"F",4,2,0,"C","WITNESS AZ24 D8.7"
495,"0001-00903","2015-08-13 00:00:00",2,"BO",11.3000001907349,"Y","N",5,37,"F",4,1,0,"B","WITNESS AZ287 D15.6"
496,"0005-00311","2016-07-19 00:00:00",1,"PP",29.8999996185303,"N","Y",0,34,"U",4,3,0,"E",""
496,"0005-00311","2016-07-19 00:00:00",2,"WF",11.3999996185303,"N","N",85,43,"N",4,2,0,"C",""
496,"0005-00311","2016-07-19 00:00:00",7,"WF",10.3999996185303,"Y","N",100,45,"N",2,1,0,"A",""
496,"0005-00311","2016-07-19 00:00:00",10,"WF",16.2000007629395,"N","Y",95,21,"U",4,2,1,"C",""
496,"0005-00311","2016-07-19 00:00:00",11,"WF",9,"N","N",100,5,"U",4,3,0,"E",""
496,"0005-00311","2016-07-19 00:00:00",18,"WF",24.1000003814697,"N","Y",15,7,"U",4,3,0,"E",""
498,"0005-01112","2016-07-13 00:00:00",20,"WF",25.3999996185303,"N","N",90,12,"N",4,2,0,"D",""
498,"0005-01112","2016-07-13 00:00:00",22,"BO",29.1000003814697,"Y","N",10,57,"N",4,1,0,"D",""
498,"0005-01112","2016-07-13 00:00:00",44,"WF",12,"N","N",100,38,"N",4,3,0,"D",""
500,"0005-01410","2016-07-11 00:00:00",5,"RF ",15.5,"Y","Y",90,71,"S",4,2,0,"C",""
500,"0005-01410","2016-07-11 00:00:00",15,"BO",10.1999998092651,"N","N",0,28,"N",4,2,0,"E",""
500,"0005-01410","2016-07-11 00:00:00",20,"IC ",9.69999980926514,"Y","N",100,30,"N",4,3,0,"A",""
500,"0005-01410","2016-07-11 00:00:00",27,"IC ",9.10000038146973,"N","N",90,12,"N",4,2,0,"C",""
501,"0007-00303","2016-07-07 00:00:00",13,"BO",13.5,"N","N",90,12,"P",4,1,0,"B",""
503,"0005-01413","2016-07-12 00:00:00",14,"WF",10.1000003814697,"N","N",95,-9,"N",4,1,0,"B",""
504,"0005-01412","2016-07-12 00:00:00",3,"WF",10.1000003814697,"Y","N",85,39,"N",4,2,0,"B",""
505,"0005-01411","2016-07-12 00:00:00",1,"WF",12.8999996185303,"N","N",100,56,"N",4,2,0,"C",""
505,"0005-01411","2016-07-12 00:00:00",2,"WF",8.30000019073486,"N","N",95,-9,"N",4,-9,0,"C",""
505,"0005-01411","2016-07-12 00:00:00",4,"WF",13.8999996185303,"N","N",95,-9,"N",4,3,0,"C",""
505,"0005-01411","2016-07-12 00:00:00",8,"BO",8.5,"Y","N",55,-9,"N",4,1,0,"B",""
505,"0005-01411","2016-07-12 00:00:00",31,"WF",12.3999996185303,"Y","N",90,-9,"N",4,3,0,"B",""
505,"0005-01411","2016-07-12 00:00:00",35,"WF",10.3000001907349,"Y","N",90,-9,"N",4,3,0,"B",""
506,"0005-00404","2012-07-11 00:00:00",1,"RF",15.1999998092651,"N","Y",65,9,"N",4,4,0,"C",""
506,"0005-00404","2012-07-11 00:00:00",4,"RF",12.8000001907349,"N","Y",100,18,"N",4,4,0,"C",""
506,"0005-00404","2012-07-11 00:00:00",7,"WF",8,"Y","N",100,40,"N",2,2,0,"B",""
506,"0005-00404","2012-07-11 00:00:00",9,"WF",9.89999961853027,"Y","N",100,41,"N",2,1,0,"B",""
506,"0005-00404","2012-07-11 00:00:00",11,"WF",11.3999996185303,"Y","N",100,53,"N",4,1,0,"C",""
506,"0005-00404","2012-07-11 00:00:00",23,"RF",7.69999980926514,"Y","N",100,33,"N",2,2,0,"B",""
506,"0005-00404","2012-07-11 00:00:00",25,"WF",8.89999961853027,"Y","N",95,24,"N",4,3,0,"D",""
506,"0005-00404","2012-07-11 00:00:00",26,"RF",13.8000001907349,"Y","N",100,47,"N",2,4,0,"C",""
506,"0005-00404","2012-07-11 00:00:00",27,"WF",17.7999992370605,"N","Y",60,18,"N",4,5,1,"C",""
132,"0001-01306","2015-08-04 00:00:00",12,"PP",9.80000019073486,"N","N",95,23,"U",4,2,0,"E",""
132,"0001-01306","2015-08-04 00:00:00",25,"PP",16.7000007629395,"N","N",100,28,"U",4,1,0,"C",""
134,"0001-01308","2015-08-05 00:00:00",1,"WF",13,"N","N",100,21,"U",-9,1,0,"E",""
134,"0001-01308","2015-08-05 00:00:00",2,"WF",8.80000019073486,"N","N",80,20,"U",4,4,0,"E",""
134,"0001-01308","2015-08-05 00:00:00",3,"WF",12.6000003814697,"N","Y",80,16,"U",4,2,1,"E",""
134,"0001-01308","2015-08-05 00:00:00",5,"WF",20.2999992370605,"N","Y",85,20,"U",4,2,0,"E",""
134,"0001-01308","2015-08-05 00:00:00",11,"WF",17,"N","Y",100,19,"U",4,1,0,"B",""
137,"0001-01311","2015-08-06 00:00:00",5,"WF",19,"N","N",90,9,"N",4,4,0,"X",""
138,"0001-01312","2015-08-06 00:00:00",37,"PP",11.5,"N","N",70,6,"N",4,4,0,"E",""
139,"0001-01313","2015-08-06 00:00:00",6,"WF",9.89999961853027,"Y","N",95,52,"N",4,1,0,"B",""
139,"0001-01313","2015-08-06 00:00:00",7,"WF",21.1000003814697,"Y","N",80,74,"N",4,1,0,"B",""
139,"0001-01313","2015-08-06 00:00:00",20,"WF",10.1000003814697,"N","N",95,13,"N",4,2,0,"E",""
139,"0001-01313","2015-08-06 00:00:00",24,"WF",11.1999998092651,"N","N",95,11,"N",4,3,0,"D",""
139,"0001-01313","2015-08-06 00:00:00",30,"WF",21.1000003814697,"Y","N",95,73,"N",4,2,0,"E",""
139,"0001-01313","2015-08-06 00:00:00",32,"WF",11.1999998092651,"N","N",98,14,"N",4,3,0,"E",""
139,"0001-01313","2015-08-06 00:00:00",37,"WF",8.30000019073486,"N","N",95,10,"N",4,4,0,"E",""
139,"0001-01313","2015-08-06 00:00:00",38,"WF",13.3000001907349,"N","N",95,7,"N",4,2,0,"E",""
139,"0001-01313","2015-08-06 00:00:00",42,"WF",11.5,"Y","N",90,53,"N",4,3,0,"E",""
139,"0001-01313","2015-08-06 00:00:00",47,"WF",9.10000038146973,"Y","N",95,40,"N",4,2,0,"E",""
139,"0001-01313","2015-08-06 00:00:00",50,"WF",10.1999998092651,"N","N",90,7,"P",4,4,0,"E",""
139,"0001-01313","2015-08-06 00:00:00",51,"WF",9.39999961853027,"N","N",95,18,"P",4,2,0,"E",""
140,"0001-01314","2015-08-10 00:00:00",7,"WF",13.8999996185303,"N","Y",95,29,"P",4,4,0,"E",""
140,"0001-01314","2015-08-10 00:00:00",36,"WF",14.5,"Y","N",98,63,"N",4,1,0,"E",""
142,"0001-01502","2015-08-03 00:00:00",7,"WF",15,"Y","N",95,35,"N",4,1,0,"C",""
142,"0001-01502","2015-08-03 00:00:00",11,"WF",16.2000007629395,"Y","N",95,84,"N",4,1,0,"C",""
142,"0001-01502","2015-08-03 00:00:00",18,"WF",12.1000003814697,"N","N",95,25,"N",4,2,0,"C",""
142,"0001-01502","2015-08-03 00:00:00",19,"WF",14.1000003814697,"N","Y",95,11,"N",4,3,1,"E",""
144,"0001-01504","2015-08-04 00:00:00",7,"WF",13.6999998092651,"N","N",95,23,"N",4,2,0,"C",""
144,"0001-01504","2015-08-04 00:00:00",23,"WF",12.1999998092651,"Y","N",80,39,"N",4,2,0,"C",""
148,"0001-01508","2015-08-05 00:00:00",17,"WF",9.19999980926514,"N","Y",80,22,"N",4,1,0,"E",""
149,"0001-01509","2015-08-05 00:00:00",6,"WF",9.80000019073486,"Y","N",95,48,"N",4,1,0,"B",""
149,"0001-01509","2015-08-05 00:00:00",7,"WF",10.1999998092651,"N","N",90,8,"N",4,3,0,"E",""
149,"0001-01509","2015-08-05 00:00:00",13,"WF",8.69999980926514,"Y","N",95,42,"N",4,1,0,"C",""
149,"0001-01509","2015-08-05 00:00:00",14,"WF",14.3000001907349,"N","N",95,28,"N",4,1,0,"C",""
149,"0001-01509","2015-08-05 00:00:00",17,"WF",16.1000003814697,"N","Y",95,28,"N",4,3,3,"C",""
149,"0001-01509","2015-08-05 00:00:00",19,"WF",15.1000003814697,"N","Y",95,32,"N",4,3,0,"C",""
149,"0001-01509","2015-08-05 00:00:00",20,"WF",9,"N","N",80,7,"N",4,4,0,"E",""
149,"0001-01509","2015-08-05 00:00:00",25,"WF ",17.3999996185303,"N","N",95,33,"N",4,2,0,"E",""
150,"0001-01510","2015-08-06 00:00:00",4,"WF",11.6999998092651,"N","N",95,8,"N",4,3,0,"E",""
206,"0001-01505","2015-08-04 00:00:00",1,"WF",14.8999996185303,"N","Y",40,16,"N",4,4,3,"E",""
206,"0001-01505","2015-08-04 00:00:00",2,"WF",25.2999992370605,"N","N",95,66,"N",4,1,0,"C",""
206,"0001-01505","2015-08-04 00:00:00",4,"WF",20.7999992370605,"N","Y",95,54,"N",4,2,0,"C",""
206,"0001-01505","2015-08-04 00:00:00",5,"WF",8.19999980926514,"N","N",95,8,"N",4,3,0,"E",""
206,"0001-01505","2015-08-04 00:00:00",12,"WF",22.5,"N","N",95,20,"N",4,4,0,"C",""
206,"0001-01505","2015-08-04 00:00:00",13,"WF",17.3999996185303,"N","Y",95,22,"N",4,4,0,"C",""
206,"0001-01505","2015-08-04 00:00:00",14,"WF",13.1000003814697,"N","Y",95,16,"N",4,3,1,"C",""
206,"0001-01505","2015-08-04 00:00:00",16,"WF",12.8000001907349,"N","N",80,15,"N",4,4,1,"E",""
206,"0001-01505","2015-08-04 00:00:00",18,"WF",10.8999996185303,"N","Y",95,10,"N",4,4,1,"C",""
353,"0007-00702","2015-10-13 00:00:00",3,"WF",8.80000019073486,"N","Y",100,5,"N",4,5,0,"D",""
353,"0007-00702","2015-10-13 00:00:00",19,"BO",14.6000003814697,"N","Y",0,7,"N",4,2,0,"E",""
150,"0001-01510","2015-08-06 00:00:00",5,"WF",9.19999980926514,"N","N",95,15,"N",4,3,0,"E",""
150,"0001-01510","2015-08-06 00:00:00",7,"IC",8.30000019073486,"Y","N",95,31,"N",4,1,0,"B",""
150,"0001-01510","2015-08-06 00:00:00",14,"WF",9.19999980926514,"Y","N",95,30,"N",4,2,0,"B",""
150,"0001-01510","2015-08-06 00:00:00",16,"PP",17.7000007629395,"N","Y",95,48,"N",4,1,0,"E",""
150,"0001-01510","2015-08-06 00:00:00",18,"PP",14.3000001907349,"N","N",95,32,"N",4,1,0,"B",""
150,"0001-01510","2015-08-06 00:00:00",24,"IC",10.5,"N","N",95,22,"N",4,2,0,"C",""
151,"0001-01511","2015-08-06 00:00:00",2,"IC",11,"Y","N",95,41,"N",4,1,0,"C",""
151,"0001-01511","2015-08-06 00:00:00",6,"PP",8.19999980926514,"N","Y",80,20,"N",4,1,0,"B",""
151,"0001-01511","2015-08-06 00:00:00",10,"PP",13.3000001907349,"N","N",15,49,"N",4,2,2,"D",""
151,"0001-01511","2015-08-06 00:00:00",12,"WF",11.3000001907349,"Y","N",95,59,"N",4,2,0,"B",""
151,"0001-01511","2015-08-06 00:00:00",39,"WF ",11.6000003814697,"Y","N",95,49,"N",4,1,0,"B",""
151,"0001-01511","2015-08-06 00:00:00",43,"WF",18.3999996185303,"N","N",95,11,"N",4,4,0,"E",""
151,"0001-01511","2015-08-06 00:00:00",45,"PP",10.5,"N","N",95,33,"N",1,2,0,"A",""
151,"0001-01511","2015-08-06 00:00:00",61,"WF ",9.60000038146973,"N","Y",95,20,"N",4,3,0,"B",""
151,"0001-01511","2015-08-06 00:00:00",62,"PP",10.1999998092651,"N","N",90,42,"N",4,1,0,"C",""
152,"0001-01512","2015-08-06 00:00:00",12,"WF",12.3000001907349,"Y","N",95,56,"N",4,1,0,"B",""
152,"0001-01512","2015-08-06 00:00:00",16,"WF",12.5,"N","Y",80,42,"N",4,4,3,"B",""
153,"0001-01513","2015-08-10 00:00:00",5,"PP",9.60000038146973,"Y","N",95,52,"N",4,2,0,"B",""
153,"0001-01513","2015-08-10 00:00:00",14,"WF",15.6000003814697,"N","N",95,10,"N",4,3,0,"E",""
153,"0001-01513","2015-08-10 00:00:00",15,"PP",12.1999998092651,"N","N",95,38,"N",4,1,0,"C",""
153,"0001-01513","2015-08-10 00:00:00",23,"PP",13,"Y","N",95,69,"N",4,1,0,"B",""
153,"0001-01513","2015-08-10 00:00:00",24,"WF",15.6999998092651,"N","Y",95,36,"N",4,3,0,"D",""
153,"0001-01513","2015-08-10 00:00:00",26,"WF",18.2000007629395,"N","N",95,45,"N",4,3,0,"D",""
153,"0001-01513","2015-08-10 00:00:00",29,"PP",10.3999996185303,"Y","N",95,54,"N",4,2,0,"C",""
155,"0005-00610","2015-10-05 00:00:00",6,"WF",14.8999996185303,"N","Y",90,26,"N",4,4,1,"D",""
155,"0005-00610","2015-10-05 00:00:00",17,"WF",18.3999996185303,"N","Y",100,12,"N",4,4,2,"D",""
155,"0005-00610","2015-10-05 00:00:00",31,"WF",10.3000001907349,"N","Y",90,8,"N",4,5,0,"E",""
155,"0005-00610","2015-10-05 00:00:00",32,"WF",11.6000003814697,"N","Y",5,22,"N",4,4,2,"E",""
155,"0005-00610","2015-10-05 00:00:00",33,"WF",12.1999998092651,"N","N",100,53,"N",4,2,0,"C",""
157,"0005-00510","2015-10-05 00:00:00",39,"WF",11.8000001907349,"N","Y",60,55,"N",4,3,0,"C",""
157,"0005-00510","2015-10-05 00:00:00",41,"WF",11.6000003814697,"N","Y",100,19,"N",4,3,0,"C",""
158,"0005-00509","2015-09-29 00:00:00",1,"WF",11.3000001907349,"Y","N",80,41,"N",4,2,0,"C",""
158,"0005-00509","2015-09-29 00:00:00",11,"BO",15.3999996185303,"N","N",90,26,"U",4,1,0,"D",""
158,"0005-00509","2015-09-29 00:00:00",23,"WF",10.1000003814697,"N","N",100,9,"U",4,3,0,"E",""
158,"0005-00509","2015-09-29 00:00:00",24,"WF",13.6000003814697,"Y","Y",90,44,"N",4,3,0,"C",""
158,"0005-00509","2015-09-29 00:00:00",25,"WF",20.2000007629395,"N","Y",95,11,"U",4,2,0,"E",""
161,"0005-00410","2015-10-05 00:00:00",2,"WF",11.6000003814697,"Y","N",95,58,"N",4,2,0,"D",""
161,"0005-00410","2015-10-05 00:00:00",5,"SP",10.6999998092651,"Y","N",100,51,"N",4,2,0,"B",""
161,"0005-00410","2015-10-05 00:00:00",22,"BO",14.1000003814697,"N","N",100,24,"N",4,1,0,"E",""
161,"0005-00410","2015-10-05 00:00:00",23,"BO",12.1000003814697,"Y","N",45,49,"N",4,1,0,"C",""
208,"0007-01007","2015-07-28 00:00:00",5,"WF",20.1000003814697,"N","Y",80,37,"U",4,4,1,"C",""
209,"0007-01006","2015-08-14 00:00:00",2,"WF",10.5,"X","N",95,32,"N",4,3,0,"C",""
211,"0007-01004","2015-08-14 00:00:00",7,"IC",13,"Y","N",95,45,"N",4,2,0,"E",""
354,"0007-00703","2015-10-13 00:00:00",4,"IC",11.1999998092651,"Y","N",100,34,"N",4,1,0,"C",""
354,"0007-00703","2015-10-13 00:00:00",5,"IC",17.8999996185303,"Y","N",90,44,"N",4,2,0,"C",""
354,"0007-00703","2015-10-13 00:00:00",9,"IC",8.60000038146973,"Y","N",100,31,"N",4,1,0,"B",""
354,"0007-00703","2015-10-13 00:00:00",10,"IC",15.1000003814697,"Y","N",100,32,"N",4,1,0,"C",""
354,"0007-00703","2015-10-13 00:00:00",13,"IC",9.89999961853027,"Y","N",95,24,"N",4,1,0,"B",""
354,"0007-00703","2015-10-13 00:00:00",14,"IC",13.3000001907349,"Y","N",100,33,"N",4,2,0,"C",""
355,"0007-00704","2015-10-13 00:00:00",12,"WF",9.5,"N","Y",95,7,"N",4,3,0,"E",""
161,"0005-00410","2015-10-05 00:00:00",32,"WF",10.8999996185303,"N","N",100,11,"N",4,4,0,"E",""
161,"0005-00410","2015-10-05 00:00:00",36,"BO",8.69999980926514,"Y","N",10,39,"N",4,1,0,"D",""
161,"0005-00410","2015-10-05 00:00:00",44,"WF",16.2999992370605,"Y","N",100,63,"N",4,2,0,"C",""
161,"0005-00410","2015-10-05 00:00:00",46,"WF",16,"N","N",100,26,"U",4,3,0,"B",""
161,"0005-00410","2015-10-05 00:00:00",50,"WF",13.1000003814697,"N","Y",95,27,"N",4,5,2,"D",""
161,"0005-00410","2015-10-05 00:00:00",51,"WF",8.10000038146973,"N","N",95,8,"U",4,4,0,"D",""
162,"0005-00409","2015-09-24 00:00:00",4,"WF",18.8999996185303,"N","Y",100,21,"U",4,4,1,"D",""
162,"0005-00409","2015-09-24 00:00:00",11,"WF",15.8000001907349,"Y","N",90,65,"N",4,2,0,"C",""
162,"0005-00409","2015-09-24 00:00:00",33,"WF",20.6000003814697,"N","Y",40,12,"U",4,4,0,"E",""
164,"0005-00310","2015-10-05 00:00:00",1,"BO",8.39999961853027,"N","N",65,15,"N",4,4,0,"C",""
164,"0005-00310","2015-10-05 00:00:00",34,"WF",10.8999996185303,"N","N",90,7,"N",4,4,0,"D",""
165,"0005-00309","2015-09-23 00:00:00",2,"MC",12,"N","N",0,12,"U",4,2,0,"E",""
167,"0005-00210","2015-10-01 00:00:00",2,"WF",14.3000001907349,"N","N",100,7,"U",4,3,0,"D",""
167,"0005-00210","2015-10-01 00:00:00",21,"WF",9.39999961853027,"N","N",100,22,"N",4,2,0,"C",""
168,"0005-00209","2015-09-23 00:00:00",7,"WF",16.1000003814697,"Y","Y",85,68,"N",4,4,0,"C",""
169,"0005-00208","2015-09-23 00:00:00",8,"WF",12.8999996185303,"N","Y",80,17,"N",4,3,0,"D",""
169,"0005-00208","2015-09-23 00:00:00",13,"WF",13.6999998092651,"Y","N",95,50,"N",4,2,0,"C",""
169,"0005-00208","2015-09-23 00:00:00",14,"WF",13.1000003814697,"Y","N",95,50,"N",4,2,0,"D",""
169,"0005-00208","2015-09-23 00:00:00",20,"WF",9.39999961853027,"N","N",95,6,"U",4,2,0,"E",""
171,"0005-00110","2015-10-01 00:00:00",23,"WF",16.5,"N","N",95,13,"N",4,4,0,"E",""
171,"0005-00110","2015-10-01 00:00:00",27,"BO",25,"N","N",5,19,"U",4,2,0,"E",""
171,"0005-00110","2015-10-01 00:00:00",49,"BO",9.10000038146973,"N","N",10,26,"N",4,1,0,"E",""
171,"0005-00110","2015-10-01 00:00:00",55,"BO",8.60000038146973,"N","N",0,22,"N",4,1,0,"E",""
172,"0005-00109","2015-09-23 00:00:00",2,"WF",10.6999998092651,"N","N",100,7,"U",4,3,0,"E",""
172,"0005-00109","2015-09-23 00:00:00",14,"WF",15.3999996185303,"N","N",100,18,"U",4,1,0,"E",""
172,"0005-00109","2015-09-23 00:00:00",15,"WF",12,"Y","N",85,47,"N",4,1,0,"C",""
172,"0005-00109","2015-09-23 00:00:00",16,"WF",15,"N","N",100,12,"U",4,3,0,"E",""
172,"0005-00109","2015-09-23 00:00:00",24,"WF",17.8999996185303,"N","Y",90,25,"U",4,2,1,"C",""
172,"0005-00109","2015-09-23 00:00:00",26,"WF",14.1999998092651,"N","Y",90,24,"U",4,2,1,"C",""
172,"0005-00109","2015-09-23 00:00:00",28,"WF",10.3999996185303,"N","N",95,9,"U",4,3,0,"C",""
172,"0005-00109","2015-09-23 00:00:00",37,"WF",14,"Y","N",100,46,"N",4,2,0,"C",""
175,"0005-00810","2015-09-30 00:00:00",2,"WF",10.3000001907349,"Y","N",100,56,"N",4,2,0,"C",""
175,"0005-00810","2015-09-30 00:00:00",12,"WF",8.80000019073486,"Y","N",100,35,"N",4,3,0,"C",""
175,"0005-00810","2015-09-30 00:00:00",14,"WF",16.1000003814697,"N","N",90,11,"N",4,4,0,"E",""
175,"0005-00810","2015-09-30 00:00:00",33,"WF",10.8000001907349,"Y","N",100,49,"N",4,2,0,"B",""
175,"0005-00810","2015-09-30 00:00:00",36,"WF",10.8000001907349,"Y","N",90,50,"N",4,2,0,"C",""
176,"0005-00809","2015-09-29 00:00:00",2,"RF",8.69999980926514,"N","N",90,8,"N",4,2,0,"C",""
176,"0005-00809","2015-09-29 00:00:00",5,"WF",9.69999980926514,"Y","N",100,43,"N",4,4,0,"C",""
176,"0005-00809","2015-09-29 00:00:00",10,"WF",12.1999998092651,"Y","N",95,49,"N",4,4,0,"C",""
176,"0005-00809","2015-09-29 00:00:00",11,"WF",9.80000019073486,"Y","N",95,35,"N",4,2,0,"C",""
176,"0005-00809","2015-09-29 00:00:00",14,"WF",13.5,"N","Y",80,9,"N",4,5,0,"E",""
176,"0005-00809","2015-09-29 00:00:00",22,"SP",14.1000003814697,"Y","N",95,56,"N",4,1,0,"C",""
176,"0005-00809","2015-09-29 00:00:00",32,"WF",10.8000001907349,"N","N",95,16,"N",4,2,0,"C",""
176,"0005-00809","2015-09-29 00:00:00",53,"WF",9.10000038146973,"N","N",30,6,"N",4,3,0,"E",""
177,"0005-00808","2015-09-29 00:00:00",2,"WF",22.3999996185303,"N","Y",95,17,"N",4,4,1,"D",""
177,"0005-00808","2015-09-29 00:00:00",7,"WF",13.6000003814697,"N","N",85,6,"N",4,4,0,"E",""
177,"0005-00808","2015-09-29 00:00:00",9,"WF",23.8999996185303,"Y","N",95,78,"N",4,2,0,"C",""
177,"0005-00808","2015-09-29 00:00:00",10,"WF",11.8999996185303,"Y","N",100,48,"N",4,3,0,"C",""
177,"0005-00808","2015-09-29 00:00:00",18,"WF",21,"N","Y",95,20,"N",4,3,1,"C",""
179,"0005-00710","2015-10-07 00:00:00",1,"WF",14.3999996185303,"Y","N",95,66,"N",4,3,0,"D",""
180,"0005-00709","2015-09-28 00:00:00",7,"WF",21.3999996185303,"N","N",100,24,"N",4,2,0,"C",""
180,"0005-00709","2015-09-28 00:00:00",13,"WF",30.6000003814697,"N","Y",80,49,"N",4,3,0,"C",""
180,"0005-00709","2015-09-28 00:00:00",18,"WF",16.8999996185303,"N","N",90,55,"N",4,2,0,"C",""
180,"0005-00709","2015-09-28 00:00:00",19,"WF",27,"N","Y",90,22,"N",4,4,0,"E",""
180,"0005-00709","2015-09-28 00:00:00",22,"WF",9.89999961853027,"Y","N",100,24,"N",4,3,0,"C",""
180,"0005-00709","2015-09-28 00:00:00",23,"WF",20.7999992370605,"N","Y",50,41,"N",4,4,3,"E",""
180,"0005-00709","2015-09-28 00:00:00",25,"WF",17.7999992370605,"N","N",90,10,"N",4,4,0,"E",""
180,"0005-00709","2015-09-28 00:00:00",26,"WF",17.6000003814697,"Y","N",100,64,"N",1,1,0,"A","MARKED"
180,"0005-00709","2015-09-28 00:00:00",28,"WF",16.1000003814697,"Y","N",100,64,"N",4,2,0,"D",""
180,"0005-00709","2015-09-28 00:00:00",29,"WF",26.5,"N","N",95,33,"N",4,4,0,"D",""
181,"0005-00708","2015-09-29 00:00:00",4,"RF",18.8999996185303,"N","Y",10,14,"N",4,4,1,"E",""
181,"0005-00708","2015-09-29 00:00:00",17,"RF",10.5,"N","Y",85,8,"N",4,4,0,"D",""
181,"0005-00708","2015-09-29 00:00:00",33,"WF",16.7000007629395,"N","Y",90,26,"N",4,4,0,"E",""
183,"0005-01011","2015-09-30 00:00:00",4,"BO",8.80000019073486,"Y","N",40,37,"N",4,1,0,"D",""
183,"0005-01011","2015-09-30 00:00:00",16,"WF",9.80000019073486,"Y","N",95,37,"N",4,1,0,"C",""
183,"0005-01011","2015-09-30 00:00:00",27,"WF",9.19999980926514,"N","N",95,6,"N",4,4,0,"D",""
184,"0005-01010","2015-09-30 00:00:00",2,"WF",12.3999996185303,"N","N",100,21,"N",4,2,0,"D",""
184,"0005-01010","2015-09-30 00:00:00",18,"BO",8.60000038146973,"Y","N",0,40,"N",4,1,0,"E",""
184,"0005-01010","2015-09-30 00:00:00",19,"WF",11.1999998092651,"N","N",100,17,"N",4,4,0,"B",""
184,"0005-01010","2015-09-30 00:00:00",20,"BO",8.30000019073486,"N","N",60,27,"N",4,1,0,"E",""
184,"0005-01010","2015-09-30 00:00:00",24,"WF",10.5,"Y","N",90,48,"N",4,2,0,"B",""
184,"0005-01010","2015-09-30 00:00:00",30,"WF",15.6000003814697,"N","N",100,22,"N",4,3,0,"D",""
184,"0005-01010","2015-09-30 00:00:00",38,"WF",9,"Y","N",95,43,"N",4,2,0,"C",""
184,"0005-01010","2015-09-30 00:00:00",40,"WF",11.3000001907349,"Y","N",95,52,"N",4,3,0,"C",""
184,"0005-01010","2015-09-30 00:00:00",41,"WF",10.6999998092651,"N","N",95,6,"N",4,4,0,"B",""
184,"0005-01010","2015-09-30 00:00:00",43,"WF",10.8999996185303,"Y","N",100,57,"N",4,3,0,"D",""
184,"0005-01010","2015-09-30 00:00:00",44,"WF",8.80000019073486,"N","Y",100,16,"N",4,3,0,"D",""
184,"0005-01010","2015-09-30 00:00:00",46,"SP",8.80000019073486,"Y","N",100,37,"N",4,3,0,"C",""
185,"0005-01009","2015-09-30 00:00:00",6,"WF",10.5,"N","Y",80,45,"N",4,2,0,"D",""
185,"0005-01009","2015-09-30 00:00:00",8,"WF",9.5,"Y","Y",85,35,"N",4,4,0,"D",""
186,"0005-01008","2015-09-30 00:00:00",30,"RF",9.60000038146973,"Y","N",50,55,"N",4,2,0,"C",""
188,"0005-01001","2015-09-21 00:00:00",9,"RF",20.2999992370605,"N","Y",25,13,"U",4,4,0,"E",""
188,"0005-01001","2015-09-21 00:00:00",19,"WF",8.10000038146973,"N","N",75,10,"U",4,2,0,"D",""
189,"0005-00911","2015-09-30 00:00:00",1,"WF",9.80000019073486,"N","Y",90,6,"N",4,4,0,"E",""
189,"0005-00911","2015-09-30 00:00:00",4,"WF",10.6000003814697,"N","N",85,43,"N",4,4,0,"E",""
189,"0005-00911","2015-09-30 00:00:00",6,"WF",10,"N","Y",80,35,"N",4,2,0,"X",""
189,"0005-00911","2015-09-30 00:00:00",13,"PP",13.8999996185303,"N","N",40,5,"N",4,3,0,"E",""
189,"0005-00911","2015-09-30 00:00:00",31,"WF",10.3999996185303,"N","Y",75,32,"N",4,3,0,"D",""
189,"0005-00911","2015-09-30 00:00:00",44,"WF",13.1000003814697,"N","N",90,44,"N",4,3,0,"D",""
189,"0005-00911","2015-09-30 00:00:00",50,"WF",12.8000001907349,"N","N",100,8,"N",4,4,0,"D",""
190,"0005-00910","2015-09-30 00:00:00",3,"BO",9.89999961853027,"Y","N",5,28,"N",4,2,0,"D",""
190,"0005-00910","2015-09-30 00:00:00",7,"WF",17.7999992370605,"Y","N",100,67,"N",4,3,0,"B",""
190,"0005-00910","2015-09-30 00:00:00",12,"WF",12.6999998092651,"N","Y",95,15,"N",4,2,0,"C",""
190,"0005-00910","2015-09-30 00:00:00",20,"WF",10.5,"N","N",95,6,"N",4,3,0,"D",""
190,"0005-00910","2015-09-30 00:00:00",22,"BO",8.30000019073486,"Y","N",50,32,"N",4,1,0,"D",""
190,"0005-00910","2015-09-30 00:00:00",24,"WF",10.6000003814697,"Y","N",100,40,"N",4,2,0,"B",""
190,"0005-00910","2015-09-30 00:00:00",39,"WF",11.6999998092651,"Y","N",100,49,"N",4,3,0,"B",""
191,"0005-00909","2015-09-29 00:00:00",4,"RF",9.10000038146973,"N","Y",100,9,"N",4,3,0,"E",""
191,"0005-00909","2015-09-29 00:00:00",21,"WF",8.89999961853027,"N","Y",80,6,"N",4,3,0,"E",""
191,"0005-00909","2015-09-29 00:00:00",22,"WF",8.5,"N","Y",40,18,"N",4,4,0,"D",""
191,"0005-00909","2015-09-29 00:00:00",23,"WF",8.10000038146973,"N","Y",95,6,"N",4,3,0,"E",""
191,"0005-00909","2015-09-29 00:00:00",24,"WF",9.80000019073486,"N","Y",100,6,"N",4,4,0,"E",""
191,"0005-00909","2015-09-29 00:00:00",25,"WF",15.5,"N","Y",100,13,"N",4,4,0,"E",""
194,"0005-00901","2015-09-21 00:00:00",9,"SP",15.5,"N","N",100,25,"P",-9,1,0,"D",""
195,"0005-01310","2015-10-07 00:00:00",6,"BO",10.3000001907349,"N","N",85,28,"N",-9,1,0,"X",""
195,"0005-01310","2015-10-07 00:00:00",9,"WF",13.6999998092651,"N","N",100,10,"N",-9,4,0,"D",""
195,"0005-01310","2015-10-07 00:00:00",22,"BO",10.6000003814697,"Y","Y",35,24,"N",4,1,0,"E",""
197,"0005-01305","2015-09-22 00:00:00",11,"SP",34.2000007629395,"N","Y",20,56,"U",4,3,0,"C",""
199,"0005-01301","2015-09-21 00:00:00",2,"WF",8.60000038146973,"N","Y",80,26,"N",4,3,0,"D",""
199,"0005-01301","2015-09-21 00:00:00",3,"SP",14.8000001907349,"N","N",95,68,"N",4,2,0,"D",""
199,"0005-01301","2015-09-21 00:00:00",23,"WF",17,"N","Y",90,21,"U",-9,2,0,"C",""
200,"0005-01210","2015-10-07 00:00:00",9,"BO",14,"Y","N",90,48,"N",4,1,0,"D",""
200,"0005-01210","2015-10-07 00:00:00",13,"BO",12.6000003814697,"Y","N",70,37,"N",4,1,0,"D",""
200,"0005-01210","2015-10-07 00:00:00",14,"WF",17.5,"N","N",70,53,"N",4,2,0,"D",""
200,"0005-01210","2015-10-07 00:00:00",33,"BO",12.1999998092651,"Y","N",80,41,"N",4,2,0,"D",""
202,"0005-01202","2015-09-21 00:00:00",10,"WF",13.5,"Y","N",100,46,"N",4,1,0,"C",""
202,"0005-01202","2015-09-21 00:00:00",23,"RF",16.1000003814697,"Y","N",100,70,"N",4,2,0,"B",""
203,"0005-01201","2015-09-21 00:00:00",1,"WF",19,"N","Y",80,16,"U",4,5,0,"D",""
203,"0005-01201","2015-09-21 00:00:00",7,"WF",15.3000001907349,"N","N",95,14,"U",4,2,0,"E",""
206,"0001-01505","2015-08-04 00:00:00",22,"WF",18.8999996185303,"N","N",95,61,"N",4,2,0,"C",""
207,"0005-00609","2015-09-24 00:00:00",7,"WF",17.3999996185303,"N","Y",70,10,"U",4,3,0,"E",""
207,"0005-00609","2015-09-24 00:00:00",13,"WF",8.69999980926514,"N","N",100,14,"U",4,3,0,"E",""
207,"0005-00609","2015-09-24 00:00:00",32,"WF",9.5,"Y","N",95,43,"N",4,1,0,"C",""
211,"0007-01004","2015-08-14 00:00:00",8,"WF",12.6999998092651,"N","N",90,16,"N",4,3,0,"E",""
211,"0007-01004","2015-08-14 00:00:00",9,"IC",12.3999996185303,"Y","N",95,29,"N",4,1,0,"E",""
211,"0007-01004","2015-08-14 00:00:00",19,"WF",9.89999961853027,"Y","N",99,36,"N",2,3,0,"B",""
211,"0007-01004","2015-08-14 00:00:00",21,"WF",16.7000007629395,"N","N",95,2,"N",4,4,0,"C",""
213,"0007-01002","2015-08-15 00:00:00",12,"WF",11.8000001907349,"Y","N",95,28,"N",4,3,0,"B",""
213,"0007-01002","2015-08-15 00:00:00",24,"WF",10,"Y","N",95,35,"N",4,1,0,"B",""
213,"0007-01002","2015-08-15 00:00:00",25,"WF",12.6000003814697,"Y","N",85,35,"N",4,2,0,"C",""
213,"0007-01002","2015-08-15 00:00:00",27,"BO",8.60000038146973,"N","N",5,27,"N",4,1,0,"E",""
214,"0007-01001","2015-08-15 00:00:00",5,"WF",8.80000019073486,"N","N",95,10,"N",4,3,0,"B",""
215,"0007-00907","2015-10-07 00:00:00",2,"WF",10.3000001907349,"N","N",95,6,"U",4,4,0,"D",""
215,"0007-00907","2015-10-07 00:00:00",20,"WF",10.8000001907349,"N","N",100,10,"U",4,5,0,"D",""
215,"0007-00907","2015-10-07 00:00:00",39,"WF",9.69999980926514,"N","N",95,9,"U",4,3,0,"D",""
217,"0007-00905","2015-10-08 00:00:00",4,"WF",10.8000001907349,"N","Y",85,17,"N",4,3,0,"C",""
217,"0007-00905","2015-10-08 00:00:00",9,"WF",9.60000038146973,"N","N",95,6,"N",4,4,0,"E",""
217,"0007-00905","2015-10-08 00:00:00",16,"WF",8.30000019073486,"N","N",100,8,"N",4,4,0,"D",""
217,"0007-00905","2015-10-08 00:00:00",17,"WF",14,"Y","Y",100,50,"N",4,3,0,"D",""
217,"0007-00905","2015-10-08 00:00:00",19,"WF",10.3999996185303,"N","N",100,15,"N",4,3,0,"E",""
219,"0007-00903","2015-10-08 00:00:00",16,"WF",19.7000007629395,"Y","N",100,53,"N",4,2,0,"B",""
219,"0007-00903","2015-10-08 00:00:00",27,"WF",12.1000003814697,"N","N",100,40,"N",4,3,0,"B",""
219,"0007-00903","2015-10-08 00:00:00",31,"PP",9.30000019073486,"N","N",90,8,"U",4,2,0,"E",""
220,"0007-00902","2015-10-07 00:00:00",17,"MC",18.8999996185303,"N","N",100,26,"N",4,3,0,"E",""
220,"0007-00902","2015-10-07 00:00:00",21,"WF",18.2000007629395,"N","N",100,6,"N",4,5,0,"D",""
220,"0007-00902","2015-10-07 00:00:00",29,"WF",12.3999996185303,"N","Y",85,51,"N",4,2,0,"D",""
223,"0007-00805","2015-08-16 00:00:00",10,"WF",16.7000007629395,"N","Y",10,9,"N",4,5,0,"D",""
223,"0007-00805","2015-08-16 00:00:00",11,"WF",13,"Y","N",95,40,"N",4,4,0,"B",""
251,"0007-01003","2015-09-23 00:00:00",18,"WF",12.1000003814697,"N","Y",100,13,"N",4,4,0,"D",""
251,"0007-01003","2015-09-23 00:00:00",19,"WF",11.3999996185303,"N","Y",100,13,"N",4,4,0,"D",""
251,"0007-01003","2015-09-23 00:00:00",23,"IC",8.5,"N","N",95,10,"N",4,1,0,"D",""
223,"0007-00805","2015-08-16 00:00:00",14,"WF",9.5,"Y","N",95,37,"N",4,3,0,"B",""
223,"0007-00805","2015-08-16 00:00:00",18,"WF",12,"N","N",95,18,"N",4,5,0,"C",""
225,"0007-00803","2015-08-16 00:00:00",26,"WF",23.5,"N","N",95,30,"N",4,4,0,"B",""
227,"0007-00801","2015-08-15 00:00:00",6,"BO",17.2999992370605,"N","Y",5,10,"N",4,1,2,"E",""
227,"0007-00801","2015-08-15 00:00:00",7,"IC",37.4000015258789,"N","Y",5,26,"N",4,2,2,"E",""
227,"0007-00801","2015-08-15 00:00:00",41,"IC",8.10000038146973,"Y","N",95,26,"N",2,1,0,"A",""
228,"0007-00607","2015-08-15 00:00:00",1,"IC",11.1000003814697,"Y","N",100,23,"N",2,1,0,"A",""
228,"0007-00607","2015-08-15 00:00:00",32,"BO",7.40000009536743,"N","N",5,14,"N",4,1,0,"B",""
228,"0007-00607","2015-08-15 00:00:00",40,"PP",32.2999992370605,"N","N",5,50,"N",4,3,0,"D",""
229,"0007-00606","2015-08-15 00:00:00",5,"WF",9.80000019073486,"Y","N",100,43,"N",2,1,0,"A",""
229,"0007-00606","2015-08-15 00:00:00",13,"WF",9.39999961853027,"Y","N",100,42,"N",2,1,0,"A",""
229,"0007-00606","2015-08-15 00:00:00",33,"WF",8.80000019073486,"N","N",0,9,"N",4,1,0,"E",""
229,"0007-00606","2015-08-15 00:00:00",39,"BO",8.69999980926514,"N","N",0,16,"N",4,1,0,"E",""
229,"0007-00606","2015-08-15 00:00:00",41,"WF",10.5,"Y","N",100,42,"N",2,1,0,"C",""
229,"0007-00606","2015-08-15 00:00:00",49,"WF",8,"N","Y",95,8,"N",4,3,0,"E",""
230,"0007-00605","2015-08-15 00:00:00",1,"BO",14.1999998092651,"Y","N",0,37,"N",4,2,0,"D",""
230,"0007-00605","2015-08-15 00:00:00",2,"WF",8.30000019073486,"Y","N",90,50,"N",4,3,0,"D",""
230,"0007-00605","2015-08-15 00:00:00",5,"WF",10.6999998092651,"N","N",100,14,"N",4,3,0,"D",""
230,"0007-00605","2015-08-15 00:00:00",37,"SP",11.8999996185303,"Y","N",95,44,"N",4,1,0,"B",""
231,"0007-00604","2015-08-16 00:00:00",9,"IC",12.3999996185303,"N","Y",95,34,"N",4,1,0,"C",""
231,"0007-00604","2015-08-16 00:00:00",16,"IC",9.80000019073486,"Y","N",95,31,"N",4,1,0,"C",""
232,"0007-00603","2015-08-16 00:00:00",6,"IC",9.30000019073486,"Y","N",100,26,"N",4,1,0,"C",""
233,"0007-00602","2015-08-16 00:00:00",26,"WF",7.59999990463257,"Y","N",100,33,"N",2,1,0,"A",""
233,"0007-00602","2015-08-16 00:00:00",31,"WF",7.69999980926514,"Y","N",100,34,"N",4,1,0,"A",""
235,"0007-00407","2015-09-08 00:00:00",3,"BO",15.1000003814697,"Y","N",60,38,"N",4,1,0,"C",""
235,"0007-00407","2015-09-08 00:00:00",8,"BO",12.8999996185303,"Y","N",30,29,"N",4,1,0,"X",""
236,"0007-00406","2015-09-08 00:00:00",1,"IC",16.5,"N","Y",5,40,"N",4,1,2,"E",""
236,"0007-00406","2015-09-08 00:00:00",2,"IC",10.3000001907349,"Y","N",100,19,"N",4,1,0,"C",""
236,"0007-00406","2015-09-08 00:00:00",8,"IC",10,"Y","N",100,23,"N",4,1,0,"C",""
236,"0007-00406","2015-09-08 00:00:00",9,"IC",34.2000007629395,"Y","N",90,74,"N",4,1,0,"D","WITNESS AZ6 D24"
236,"0007-00406","2015-09-08 00:00:00",10,"PP",15.5,"N","Y",0,12,"U",4,2,0,"E",""
237,"0007-00405","2015-08-17 00:00:00",14,"BO",20.7000007629395,"N","N",40,23,"N",4,2,0,"E",""
237,"0007-00405","2015-08-17 00:00:00",34,"IC",7.80000019073486,"Y","N",100,31,"N",2,-9,0,"B",""
237,"0007-00405","2015-08-17 00:00:00",36,"IC",27.1000003814697,"Y","Y",60,56,"N",4,1,1,"D",""
240,"0007-00402","2015-08-17 00:00:00",15,"WF",8.60000038146973,"Y","N",10,35,"N",4,3,0,"B",""
240,"0007-00402","2015-08-17 00:00:00",16,"WF",12,"N","N",95,7,"N",4,4,0,"D",""
242,"0007-00207","2015-08-17 00:00:00",16,"IC",21.8999996185303,"Y","N",50,41,"N",4,2,0,"D",""
243,"0007-00206","2015-09-09 00:00:00",7,"IC",9.5,"Y","N",90,32,"N",4,1,0,"E",""
243,"0007-00206","2015-09-09 00:00:00",13,"WF",8.10000038146973,"N","N",100,10,"U",4,3,0,"B",""
243,"0007-00206","2015-09-09 00:00:00",21,"WF",8.80000019073486,"Y","N",90,34,"N",4,3,0,"B",""
244,"0007-00205","2015-09-09 00:00:00",2,"IC",9.19999980926514,"Y","N",90,35,"N",4,1,0,"B",""
244,"0007-00205","2015-09-09 00:00:00",6,"BO",19.1000003814697,"Y","N",95,69,"N",4,1,0,"B",""
244,"0007-00205","2015-09-09 00:00:00",7,"BO",13,"N","N",15,54,"N",4,1,0,"C",""
244,"0007-00205","2015-09-09 00:00:00",8,"IC",23.5,"Y","N",100,80,"N",4,1,0,"B","WITNESS AZ 264 D 24.9"
249,"0007-00403","2015-08-17 00:00:00",13,"WF",14.1999998092651,"N","N",100,26,"N",4,3,0,"C",""
250,"0007-00804","2015-08-16 00:00:00",24,"WF",12.3999996185303,"N","N",95,18,"N",4,5,0,"B",""
250,"0007-00804","2015-08-16 00:00:00",25,"WF",12.5,"N","Y",95,20,"N",4,4,2,"B",""
250,"0007-00804","2015-08-16 00:00:00",30,"BO",25.8999996185303,"N","N",5,20,"N",4,1,0,"E",""
253,"0007-00901","2015-10-08 00:00:00",2,"BO",17.5,"N","Y",5,10,"N",4,4,0,"E",""
253,"0007-00901","2015-10-08 00:00:00",32,"BO",19.7999992370605,"Y","N",5,52,"N",4,1,0,"D",""
244,"0007-00205","2015-09-09 00:00:00",10,"IC",8.10000038146973,"Y","N",80,30,"N",4,2,0,"B",""
244,"0007-00205","2015-09-09 00:00:00",11,"WF",33.2000007629395,"N","Y",90,26,"U",4,3,0,"B",""
244,"0007-00205","2015-09-09 00:00:00",22,"IC",12,"Y","N",100,45,"N",4,2,0,"C",""
244,"0007-00205","2015-09-09 00:00:00",25,"IC",11.3999996185303,"Y","N",90,42,"N",4,1,0,"C",""
244,"0007-00205","2015-09-09 00:00:00",28,"IC",10.3000001907349,"Y","N",85,40,"N",4,1,0,"C",""
244,"0007-00205","2015-09-09 00:00:00",31,"IC",11,"Y","N",90,32,"N",4,1,0,"C",""
245,"0007-00204","2015-09-09 00:00:00",8,"SP",14.1999998092651,"Y","N",90,47,"N",-9,2,0,"B",""
246,"0007-00203","2015-09-09 00:00:00",2,"WF",17,"N","Y",60,55,"N",4,3,0,"C",""
246,"0007-00203","2015-09-09 00:00:00",4,"BO",11.1000003814697,"Y","N",70,51,"N",4,2,0,"D",""
246,"0007-00203","2015-09-09 00:00:00",11,"BO",14.6999998092651,"Y","N",10,87,"N",4,1,0,"C",""
247,"0007-00202","2015-09-09 00:00:00",5,"WF",19.2000007629395,"Y","N",100,88,"N",4,1,0,"C","MARKED"
247,"0007-00202","2015-09-09 00:00:00",6,"WF",8.89999961853027,"N","Y",95,52,"N",4,3,0,"E",""
247,"0007-00202","2015-09-09 00:00:00",12,"IC",24.5,"N","Y",0,59,"N",4,3,3,"E",""
248,"0007-00201","2015-09-09 00:00:00",18,"WF",15.5,"N","Y",95,13,"U",4,3,0,"D",""
251,"0007-01003","2015-09-23 00:00:00",29,"WF",14.6999998092651,"N","Y",100,32,"N",4,3,0,"D",""
252,"0007-00601","2015-08-16 00:00:00",4,"WF",12.3000001907349,"Y","N",90,45,"N",4,1,0,"B",""
252,"0007-00601","2015-08-16 00:00:00",13,"SP",9.39999961853027,"Y","N",95,40,"N",2,1,0,"B",""
253,"0007-00901","2015-10-08 00:00:00",37,"BO",11.6999998092651,"Y","N",20,31,"N",4,1,0,"B",""
290,"0005-00505","2012-07-17 00:00:00",24,"SP",25.7999992370605,"N","Y",5,16,"N",4,-9,0,"D",""
290,"0005-00505","2012-07-17 00:00:00",35,"RF",10.1999998092651,"Y","N",100,39,"N",2,1,0,"B","BULGE AT BREAST HT"
292,"0005-00507","2012-07-18 00:00:00",3,"WF",8.89999961853027,"Y","N",100,30,"N",2,1,0,"B",""
292,"0005-00507","2012-07-18 00:00:00",5,"WF",12.8999996185303,"N","Y",85,19,"N",4,3,0,"D",""
292,"0005-00507","2012-07-18 00:00:00",6,"WF",11.5,"Y","Y",95,49,"N",4,2,0,"C",""
292,"0005-00507","2012-07-18 00:00:00",8,"WF",12.6000003814697,"Y","Y",100,47,"N",1,1,0,"A",""
292,"0005-00507","2012-07-18 00:00:00",9,"WF",13.3999996185303,"N","Y",95,14,"N",2,2,0,"C",""
292,"0005-00507","2012-07-18 00:00:00",10,"WF",11.1000003814697,"Y","N",100,48,"N",1,1,0,"A",""
292,"0005-00507","2012-07-18 00:00:00",15,"WF",10,"Y","N",100,38,"N",1,1,0,"A",""
292,"0005-00507","2012-07-18 00:00:00",18,"WF",12,"Y","N",100,37,"N",2,2,0,"A",""
294,"0005-00703","2012-08-01 00:00:00",1,"LP",8.30000019073486,"Y","N",100,46,"N",4,2,0,"B",""
294,"0005-00703","2012-08-01 00:00:00",6,"LP",10,"Y","N",90,64,"N",4,1,0,"B",""
294,"0005-00703","2012-08-01 00:00:00",28,"LP",11.6000003814697,"Y","N",100,66,"N",2,1,0,"A",""
295,"0005-00704","2012-07-19 00:00:00",8,"RF",21.5,"N","Y",40,11,"N",4,4,1,"E",""
295,"0005-00704","2012-07-19 00:00:00",12,"RF",9.5,"N","N",100,22,"N",4,3,0,"B",""
296,"0005-00705","2012-07-19 00:00:00",2,"WF",14.1999998092651,"N","N",100,12,"N",2,2,0,"C",""
296,"0005-00705","2012-07-19 00:00:00",20,"WF",14.3999996185303,"Y","N",100,60,"N",2,1,0,"B",""
296,"0005-00705","2012-07-19 00:00:00",23,"WF",13.8000001907349,"N","Y",100,38,"N",2,2,0,"B","MARKED"
297,"0005-00706","2012-07-19 00:00:00",5,"RF",19.2000007629395,"N","N",90,11,"N",4,5,0,"E",""
298,"0005-00707","2012-07-19 00:00:00",10,"WF",12.1000003814697,"Y","N",100,41,"N",2,2,0,"A",""
298,"0005-00707","2012-07-19 00:00:00",11,"WF",10,"Y","N",100,31,"N",2,2,0,"A",""
298,"0005-00707","2012-07-19 00:00:00",13,"WF",8.10000038146973,"Y","N",100,29,"N",4,2,0,"B",""
298,"0005-00707","2012-07-19 00:00:00",14,"WF",13.1999998092651,"N","N",100,31,"N",4,2,0,"C",""
298,"0005-00707","2012-07-19 00:00:00",15,"WF",22.3999996185303,"N","Y",60,7,"N",4,4,0,"E",""
298,"0005-00707","2012-07-19 00:00:00",17,"WF",10,"Y","N",100,44,"N",4,2,0,"C",""
298,"0005-00707","2012-07-19 00:00:00",18,"WF",11.1999998092651,"Y","Y",75,48,"N",4,4,0,"C",""
299,"0005-00802","2012-07-31 00:00:00",20,"RF",26.3999996185303,"Y","N",100,114,"N",2,1,0,"A",""
301,"0005-00804","2012-07-31 00:00:00",22,"WF",16.6000003814697,"N","N",100,11,"N",4,2,0,"C",""
301,"0005-00804","2012-07-31 00:00:00",30,"RF",16.7000007629395,"N","Y",0,26,"N",4,5,5,"D",""
303,"0005-00806","2015-07-23 00:00:00",5,"RF",10,"N","Y",5,12,"N",4,3,5,"E",""
303,"0005-00806","2015-07-23 00:00:00",9,"RF",11.5,"Y","N",100,51,"N",2,1,0,"A",""
304,"0005-00807","2012-07-23 00:00:00",3,"WF",13.6999998092651,"Y","N",100,43,"N",4,3,0,"B",""
